#node1	node2	node1_string_internal_id	node2_string_internal_id	node1_external_id	node2_external_id	neighborhood_on_chromosome	gene_fusion	phylogenetic_cooccurrence	homology	coexpression	experimentally_determined_interaction	database_annotated	automated_textmining	combined_score
C1qa	C1qb	2101938	2100338	10090.ENSMUSP00000048836	10090.ENSMUSP00000040246	0	0	0	0.838	0.989	0.914	0.961	0.870	0.999
Itgax	Itgb2	2098664	2093087	10090.ENSMUSP00000033053	10090.ENSMUSP00000000299	0	0	0	0	0.522	0.914	0.954	0.718	0.999
Eef1b2	Eef1g	2112614	2108963	10090.ENSMUSP00000116492	10090.ENSMUSP00000093955	0	0	0	0	0.820	0.963	0.900	0.857	0.999
Itgam	Itgb2	2110795	2093087	10090.ENSMUSP00000101849	10090.ENSMUSP00000000299	0	0	0	0	0.294	0.664	0.954	0.864	0.998
Vps39	Vps41	2110249	2105764	10090.ENSMUSP00000099559	10090.ENSMUSP00000072729	0	0	0	0	0.116	0.856	0.360	0.985	0.998
Itgam	Icam1	2110795	2107578	10090.ENSMUSP00000101849	10090.ENSMUSP00000083587	0	0	0	0	0	0.381	0.908	0.971	0.998
Clcn7	Ostm1	2099530	2099461	10090.ENSMUSP00000035964	10090.ENSMUSP00000035516	0	0	0	0	0	0.574	0.900	0.974	0.998
Icam1	Itgb2	2107578	2093087	10090.ENSMUSP00000083587	10090.ENSMUSP00000000299	0	0	0	0	0.139	0.766	0.954	0.852	0.998
Vav1	Ptpn6	2093748	2093598	10090.ENSMUSP00000005889	10090.ENSMUSP00000004377	0	0	0	0	0.548	0.510	0.887	0.910	0.997
Col1a2	Col1a1	2098267	2093250	10090.ENSMUSP00000031668	10090.ENSMUSP00000001547	0	0	0	0.907	0.946	0.165	0.954	0.900	0.997
Rac2	Vav1	2099612	2093748	10090.ENSMUSP00000036384	10090.ENSMUSP00000005889	0	0	0	0	0.645	0.299	0.949	0.763	0.996
Lamtor1	Lamtor2	2098686	2097616	10090.ENSMUSP00000033131	10090.ENSMUSP00000029698	0	0	0	0	0.124	0.902	0.720	0.800	0.994
Lamtor3	Lamtor2	2114042	2097616	10090.ENSMUSP00000130811	10090.ENSMUSP00000029698	0	0	0	0	0.107	0.971	0.720	0.201	0.993
Vamp7	Stx7	2102525	2094784	10090.ENSMUSP00000052262	10090.ENSMUSP00000020174	0	0	0	0	0.131	0.899	0.540	0.832	0.992
Stx8	Stx7	2095129	2094784	10090.ENSMUSP00000021285	10090.ENSMUSP00000020174	0	0	0	0	0	0.659	0.800	0.868	0.990
Vps33a	Vps16	2098177	2097340	10090.ENSMUSP00000031388	10090.ENSMUSP00000028900	0	0	0	0	0	0.955	0	0.770	0.989
Vps39	Vps16	2110249	2097340	10090.ENSMUSP00000099559	10090.ENSMUSP00000028900	0	0	0	0	0.108	0.856	0	0.922	0.989
C4b	C1qa	2105191	2101938	10090.ENSMUSP00000069418	10090.ENSMUSP00000048836	0	0	0	0	0.277	0	0.900	0.863	0.989
Vamp7	Stx12	2102525	2097934	10090.ENSMUSP00000052262	10090.ENSMUSP00000030698	0	0	0	0	0.071	0.609	0.720	0.902	0.988
Vps41	Vps16	2105764	2097340	10090.ENSMUSP00000072729	10090.ENSMUSP00000028900	0	0	0	0	0.108	0.885	0	0.867	0.985
Bace1	App	2099181	2093694	10090.ENSMUSP00000034591	10090.ENSMUSP00000005406	0	0	0	0	0	0.751	0.628	0.859	0.985
Hmha1	Rac2	2109618	2099612	10090.ENSMUSP00000097100	10090.ENSMUSP00000036384	0	0	0	0	0.614	0.270	0.900	0.535	0.985
Snapin	Bloc1s1	2112905	2096593	10090.ENSMUSP00000122090	10090.ENSMUSP00000026405	0	0	0	0	0	0.295	0.900	0.784	0.983
Inpp5d	Ptpn6	2113548	2093598	10090.ENSMUSP00000127941	10090.ENSMUSP00000004377	0	0	0	0	0.524	0.113	0.941	0.223	0.978
Bace1	Ncstn	2099181	2093511	10090.ENSMUSP00000034591	10090.ENSMUSP00000003550	0	0	0	0	0	0.165	0	0.974	0.978
Itm2b	App	2095598	2093694	10090.ENSMUSP00000022704	10090.ENSMUSP00000005406	0	0	0	0	0	0.574	0.900	0.434	0.973
Rraga	Rragc	2108176	2097840	10090.ENSMUSP00000088591	10090.ENSMUSP00000030399	0	0	0	0.668	0	0.618	0.894	0.983	0.971
Slit2	Ntn1	2113494	2095128	10090.ENSMUSP00000127615	10090.ENSMUSP00000021284	0	0	0	0	0	0.100	0	0.968	0.970
Ephx1	Gstm1	2101673	2093577	10090.ENSMUSP00000047551	10090.ENSMUSP00000004140	0	0	0	0	0.264	0	0.900	0.580	0.966
Vav1	Itgb2	2093748	2093087	10090.ENSMUSP00000005889	10090.ENSMUSP00000000299	0	0	0	0	0.559	0.164	0.866	0.395	0.966
Gabra5	Gabra1	2104362	2094956	10090.ENSMUSP00000063276	10090.ENSMUSP00000020707	0	0	0	0.977	0.129	0	0.961	0.737	0.965
Clu	App	2095562	2093694	10090.ENSMUSP00000022616	10090.ENSMUSP00000005406	0	0	0	0	0	0.636	0.900	0.120	0.965
Vps41	Vps33a	2105764	2098177	10090.ENSMUSP00000072729	10090.ENSMUSP00000031388	0	0	0	0	0	0.885	0	0.702	0.964
Gm5884	Tollip	2099689	2093307	10090.ENSMUSP00000036849	10090.ENSMUSP00000001950	0	0	0	0	0	0.821	0	0.800	0.963
Actr1a	Dctn5	2100265	2098696	10090.ENSMUSP00000039844	10090.ENSMUSP00000033156	0	0	0	0	0	0.642	0.900	0	0.962
Itgax	Ptprc	2098664	2096963	10090.ENSMUSP00000033053	10090.ENSMUSP00000027645	0	0	0	0	0.408	0	0	0.934	0.959
Grm2	App	2095994	2093694	10090.ENSMUSP00000023959	10090.ENSMUSP00000005406	0	0	0	0	0	0	0.900	0.604	0.958
B2m	Tapbp	2110238	2096199	10090.ENSMUSP00000099534	10090.ENSMUSP00000025161	0	0	0	0	0.333	0.114	0.900	0.373	0.958
F11r	Itgb2	2100645	2093087	10090.ENSMUSP00000041907	10090.ENSMUSP00000000299	0	0	0	0	0	0	0.954	0.105	0.957
C4b	C1qb	2105191	2100338	10090.ENSMUSP00000069418	10090.ENSMUSP00000040246	0	0	0	0	0.207	0	0.900	0.493	0.956
Arpc1b	Was	2107483	2098790	10090.ENSMUSP00000082822	10090.ENSMUSP00000033505	0	0	0	0	0.163	0.413	0.892	0.218	0.953
B2m	Fcgr1	2110238	2097634	10090.ENSMUSP00000099534	10090.ENSMUSP00000029748	0	0	0	0	0.129	0	0.900	0.507	0.953
Cnr1	Grm2	2103128	2095994	10090.ENSMUSP00000055797	10090.ENSMUSP00000023959	0	0	0	0	0	0	0.900	0.543	0.952
Slit2	Gpc1	2113494	2101599	10090.ENSMUSP00000127615	10090.ENSMUSP00000047199	0	0	0	0	0	0.157	0.936	0.153	0.950
Rac2	Hcls1	2099612	2095863	10090.ENSMUSP00000036384	10090.ENSMUSP00000023531	0	0	0	0	0.742	0	0.491	0.641	0.949
Itgam	Ptprc	2110795	2096963	10090.ENSMUSP00000101849	10090.ENSMUSP00000027645	0	0	0	0	0.110	0	0	0.943	0.947
Psap	Asah1	2115534	2098954	10090.ENSMUSP00000137476	10090.ENSMUSP00000034000	0	0	0	0	0.163	0	0.900	0.408	0.946
B2m	Icam1	2110238	2107578	10090.ENSMUSP00000099534	10090.ENSMUSP00000083587	0	0	0	0	0	0	0.900	0.474	0.945
Gpc1	Sdc4	2101599	2094404	10090.ENSMUSP00000047199	10090.ENSMUSP00000017153	0	0	0	0	0	0	0.900	0.481	0.945
Ncf1	Rac2	2111516	2099612	10090.ENSMUSP00000106906	10090.ENSMUSP00000036384	0	0	0	0	0.228	0.108	0.435	0.874	0.944
Icam1	Itgax	2107578	2098664	10090.ENSMUSP00000083587	10090.ENSMUSP00000033053	0	0	0	0	0	0.166	0.559	0.850	0.940
Stx12	Stx8	2097934	2095129	10090.ENSMUSP00000030698	10090.ENSMUSP00000021285	0	0	0	0	0	0.659	0.540	0.645	0.939
Wasf2	Vav1	2107292	2093748	10090.ENSMUSP00000081263	10090.ENSMUSP00000005889	0	0	0	0	0	0	0.900	0.396	0.937
Arpc1b	Wasf2	2107483	2107292	10090.ENSMUSP00000082822	10090.ENSMUSP00000081263	0	0	0	0	0.110	0	0.922	0.129	0.934
Wasf2	Rac2	2107292	2099612	10090.ENSMUSP00000081263	10090.ENSMUSP00000036384	0	0	0	0	0	0.114	0.899	0.316	0.933
Gpc4	Gpc5	2098768	2095601	10090.ENSMUSP00000033450	10090.ENSMUSP00000022707	0	0	0	0.748	0	0.196	0.900	0.818	0.933
B2m	Lyz1	2110238	2108308	10090.ENSMUSP00000099534	10090.ENSMUSP00000089800	0	0	0	0	0.212	0	0.900	0.216	0.932
Hnrnpd	Rbmx	2114353	2111989	10090.ENSMUSP00000132735	10090.ENSMUSP00000110374	0	0	0	0.635	0	0.260	0.900	0.329	0.931
Gpc1	Gpc5	2101599	2095601	10090.ENSMUSP00000047199	10090.ENSMUSP00000022707	0	0	0	0.732	0	0.196	0.900	0.695	0.931
Psmb8	Tapbp	2096210	2096199	10090.ENSMUSP00000025196	10090.ENSMUSP00000025161	0	0	0	0	0.588	0	0	0.841	0.931
Vps39	Vps33a	2110249	2098177	10090.ENSMUSP00000099559	10090.ENSMUSP00000031388	0	0	0	0	0.070	0.682	0	0.785	0.931
App	Ncstn	2093694	2093511	10090.ENSMUSP00000005406	10090.ENSMUSP00000003550	0	0	0	0	0	0.550	0	0.850	0.930
Hmha1	Vav1	2109618	2093748	10090.ENSMUSP00000097100	10090.ENSMUSP00000005889	0	0	0	0	0.326	0	0.900	0	0.929
Lcp1	Aif1	2112603	2096236	10090.ENSMUSP00000116271	10090.ENSMUSP00000025257	0	0	0	0	0.232	0.063	0.900	0.118	0.928
Renbp	Hexb	2112221	2095415	10090.ENSMUSP00000112277	10090.ENSMUSP00000022169	0	0	0	0	0	0	0.900	0.315	0.928
Gpc4	Sdc4	2098768	2094404	10090.ENSMUSP00000033450	10090.ENSMUSP00000017153	0	0	0	0	0	0	0.900	0.298	0.926
Hap1	Ahi1	2114445	2110696	10090.ENSMUSP00000133356	10090.ENSMUSP00000101164	0	0	0	0	0	0.802	0	0.639	0.925
B2m	Itm2b	2110238	2095598	10090.ENSMUSP00000099534	10090.ENSMUSP00000022704	0	0	0	0	0.171	0	0.900	0.160	0.924
Icam1	Fcgr1	2107578	2097634	10090.ENSMUSP00000083587	10090.ENSMUSP00000029748	0	0	0	0	0	0	0.900	0.254	0.922
Hnrnpd	U2af1	2114353	2094217	10090.ENSMUSP00000132735	10090.ENSMUSP00000014684	0	0	0	0	0.080	0.114	0.900	0.161	0.922
Cnr1	Sst	2103128	2093610	10090.ENSMUSP00000055797	10090.ENSMUSP00000004480	0	0	0	0	0	0.064	0.900	0.222	0.920
Renbp	Hexa	2112221	2096559	10090.ENSMUSP00000112277	10090.ENSMUSP00000026262	0	0	0	0	0.166	0	0.900	0.100	0.918
Aldh2	Akr1b7	2098186	2093912	10090.ENSMUSP00000031411	10090.ENSMUSP00000007449	0	0	0	0	0.087	0	0.900	0.176	0.918
Rbmx	U2af1	2111989	2094217	10090.ENSMUSP00000110374	10090.ENSMUSP00000014684	0	0	0	0	0	0	0.900	0.219	0.918
Itgb5	Col1a2	2105190	2098267	10090.ENSMUSP00000069416	10090.ENSMUSP00000031668	0	0	0	0	0	0.106	0.882	0.275	0.917
Itgb5	Col1a1	2105190	2093250	10090.ENSMUSP00000069416	10090.ENSMUSP00000001547	0	0	0	0	0	0.106	0.882	0.266	0.915
U2af1	Hnrnpa0	2094217	2093934	10090.ENSMUSP00000014684	10090.ENSMUSP00000007980	0	0	0	0	0.171	0	0.900	0	0.913
Hnrnpd	Hnrnpa0	2114353	2093934	10090.ENSMUSP00000132735	10090.ENSMUSP00000007980	0	0	0	0.771	0	0	0.900	0.602	0.913
Cnr1	P2ry12	2103128	2102363	10090.ENSMUSP00000055797	10090.ENSMUSP00000051353	0	0	0	0	0	0	0.900	0.152	0.911
Gpc5	Sdc4	2095601	2094404	10090.ENSMUSP00000022707	10090.ENSMUSP00000017153	0	0	0	0	0	0	0.900	0.150	0.911
Rspo3	Rspo2	2108353	2104925	10090.ENSMUSP00000090287	10090.ENSMUSP00000067325	0	0	0	0.917	0	0.082	0.900	0.752	0.910
Sdc4	Apoe	2094404	2093453	10090.ENSMUSP00000017153	10090.ENSMUSP00000003066	0	0	0	0	0	0	0.900	0.141	0.910
Lyz1	Itm2b	2108308	2095598	10090.ENSMUSP00000089800	10090.ENSMUSP00000022704	0	0	0	0	0.113	0	0.900	0.075	0.910
Rgs6	Cnr1	2110059	2103128	10090.ENSMUSP00000098793	10090.ENSMUSP00000055797	0	0	0	0	0	0	0.900	0.139	0.910
Vps16	Stx7	2097340	2094784	10090.ENSMUSP00000028900	10090.ENSMUSP00000020174	0	0	0	0	0	0.818	0	0.527	0.910
Vtn	Sdc4	2094427	2094404	10090.ENSMUSP00000017488	10090.ENSMUSP00000017153	0	0	0	0	0	0	0.900	0.142	0.910
Grm2	Sst	2095994	2093610	10090.ENSMUSP00000023959	10090.ENSMUSP00000004480	0	0	0	0	0	0	0.900	0.141	0.910
B2m	App	2110238	2093694	10090.ENSMUSP00000099534	10090.ENSMUSP00000005406	0	0	0	0	0	0	0.900	0.136	0.909
Rbmx	Hnrnpa0	2111989	2093934	10090.ENSMUSP00000110374	10090.ENSMUSP00000007980	0	0	0	0.651	0	0	0.900	0.259	0.907
App	Vwf	2093694	2093314	10090.ENSMUSP00000005406	10090.ENSMUSP00000001995	0	0	0	0	0	0	0.900	0.102	0.906
Cnr1	App	2103128	2093694	10090.ENSMUSP00000055797	10090.ENSMUSP00000005406	0	0	0	0	0	0	0.900	0.097	0.905
B2m	Mfge8	2110238	2098587	10090.ENSMUSP00000099534	10090.ENSMUSP00000032825	0	0	0	0	0	0	0.900	0.086	0.904
Lyz1	App	2108308	2093694	10090.ENSMUSP00000089800	10090.ENSMUSP00000005406	0	0	0	0	0	0	0.900	0.083	0.904
P2ry12	Grm2	2102363	2095994	10090.ENSMUSP00000051353	10090.ENSMUSP00000023959	0	0	0	0	0	0	0.900	0.083	0.904
App	Sst	2093694	2093610	10090.ENSMUSP00000005406	10090.ENSMUSP00000004480	0	0	0	0	0	0	0.900	0.084	0.904
Clu	Vwf	2095562	2093314	10090.ENSMUSP00000022616	10090.ENSMUSP00000001995	0	0	0	0	0	0	0.900	0.075	0.903
Lamtor3	Lamtor1	2114042	2098686	10090.ENSMUSP00000130811	10090.ENSMUSP00000033131	0	0	0	0	0.065	0.631	0.720	0.107	0.902
Gpc5	Apoe	2095601	2093453	10090.ENSMUSP00000022707	10090.ENSMUSP00000003066	0	0	0	0	0	0	0.900	0.065	0.902
Rgs6	Sst	2110059	2093610	10090.ENSMUSP00000098793	10090.ENSMUSP00000004480	0	0	0	0	0	0	0.900	0.065	0.902
Psmb8	Blmh	2096210	2095103	10090.ENSMUSP00000025196	10090.ENSMUSP00000021197	0	0	0	0	0.063	0	0.900	0	0.902
Gpc1	Gpc4	2101599	2098768	10090.ENSMUSP00000047199	10090.ENSMUSP00000033450	0	0	0	0.927	0	0	0.900	0.419	0.902
Gpc1	Apoe	2101599	2093453	10090.ENSMUSP00000047199	10090.ENSMUSP00000003066	0	0	0	0	0	0	0.900	0.065	0.902
Lyz1	Mfge8	2108308	2098587	10090.ENSMUSP00000089800	10090.ENSMUSP00000032825	0	0	0	0	0	0	0.900	0.055	0.901
Vamp7	Vamp1	2102525	2098507	10090.ENSMUSP00000052262	10090.ENSMUSP00000032487	0	0	0	0	0.078	0.197	0.540	0.743	0.901
Mdk	Serpine2	2097270	2096908	10090.ENSMUSP00000028672	10090.ENSMUSP00000027467	0	0	0	0	0	0	0	0.901	0.901
Slit2	Slit1	2113494	2096483	10090.ENSMUSP00000127615	10090.ENSMUSP00000025993	0	0	0	0.977	0	0	0.900	0.149	0.900
Rgs6	App	2110059	2093694	10090.ENSMUSP00000098793	10090.ENSMUSP00000005406	0	0	0	0	0	0	0.900	0	0.900
Rgs6	P2ry12	2110059	2102363	10090.ENSMUSP00000098793	10090.ENSMUSP00000051353	0	0	0	0	0	0	0.900	0	0.900
Mfge8	App	2098587	2093694	10090.ENSMUSP00000032825	10090.ENSMUSP00000005406	0	0	0	0	0	0	0.900	0	0.900
P2ry12	App	2102363	2093694	10090.ENSMUSP00000051353	10090.ENSMUSP00000005406	0	0	0	0	0	0	0.900	0	0.900
Rgs6	Grm2	2110059	2095994	10090.ENSMUSP00000098793	10090.ENSMUSP00000023959	0	0	0	0	0	0	0.900	0	0.900
Pld3	Dgkg	2112310	2108012	10090.ENSMUSP00000112942	10090.ENSMUSP00000087371	0	0	0	0	0	0	0.900	0	0.900
Lcp1	Vps16	2112603	2097340	10090.ENSMUSP00000116271	10090.ENSMUSP00000028900	0	0	0	0	0	0	0.900	0	0.900
Mfge8	Itm2b	2098587	2095598	10090.ENSMUSP00000032825	10090.ENSMUSP00000022704	0	0	0	0	0	0	0.900	0	0.900
P2ry12	Sst	2102363	2093610	10090.ENSMUSP00000051353	10090.ENSMUSP00000004480	0	0	0	0	0	0	0.900	0	0.900
Gpc4	Apoe	2098768	2093453	10090.ENSMUSP00000033450	10090.ENSMUSP00000003066	0	0	0	0	0	0	0.900	0	0.900
Hnrnpd	Psmb8	2114353	2096210	10090.ENSMUSP00000132735	10090.ENSMUSP00000025196	0	0	0	0	0	0	0.900	0.049	0.900
Vps16	Aif1	2097340	2096236	10090.ENSMUSP00000028900	10090.ENSMUSP00000025257	0	0	0	0	0	0	0.900	0	0.900
Entpd1	Pde10a	2111630	2107902	10090.ENSMUSP00000107850	10090.ENSMUSP00000086485	0	0	0	0	0	0	0.900	0	0.900
Stx12	Vps16	2097934	2097340	10090.ENSMUSP00000030698	10090.ENSMUSP00000028900	0	0	0	0	0	0.818	0	0.475	0.900
Apbb1ip	Vwf	2094193	2093314	10090.ENSMUSP00000014290	10090.ENSMUSP00000001995	0	0	0	0	0	0	0.900	0	0.900
Abi3	Rac2	2104128	2099612	10090.ENSMUSP00000061893	10090.ENSMUSP00000036384	0	0	0	0	0.106	0.098	0.426	0.800	0.895
Vamp7	Stx8	2102525	2095129	10090.ENSMUSP00000052262	10090.ENSMUSP00000021285	0	0	0	0	0	0.593	0.540	0.479	0.893
Aplp2	Bace1	2105710	2099181	10090.ENSMUSP00000072428	10090.ENSMUSP00000034591	0	0	0	0	0	0.173	0.495	0.762	0.891
Msn	Icam1	2112332	2107578	10090.ENSMUSP00000113071	10090.ENSMUSP00000083587	0	0	0	0	0	0.164	0.800	0.398	0.890
Ptprc	Itgb2	2096963	2093087	10090.ENSMUSP00000027645	10090.ENSMUSP00000000299	0	0	0	0	0.727	0.165	0	0.559	0.890
Anxa2	S100a6	2099236	2093181	10090.ENSMUSP00000034756	10090.ENSMUSP00000001051	0	0	0	0	0.711	0.165	0	0.567	0.886
Ncf1	Prkcg	2111516	2109897	10090.ENSMUSP00000106906	10090.ENSMUSP00000097874	0	0	0	0	0	0.273	0.800	0.270	0.884
Ptprc	Vav1	2096963	2093748	10090.ENSMUSP00000027645	10090.ENSMUSP00000005889	0	0	0	0	0.454	0.501	0	0.604	0.882
Rac2	Ptprc	2099612	2096963	10090.ENSMUSP00000036384	10090.ENSMUSP00000027645	0	0	0	0	0.815	0.119	0	0.337	0.882
C1qb	Csf1r	2100338	2096325	10090.ENSMUSP00000040246	10090.ENSMUSP00000025523	0	0	0	0	0.873	0	0	0.089	0.879
Fcer1g	Fcgr1	2106889	2097634	10090.ENSMUSP00000078875	10090.ENSMUSP00000029748	0	0	0	0	0.533	0	0	0.748	0.877
C1qa	Aif1	2101938	2096236	10090.ENSMUSP00000048836	10090.ENSMUSP00000025257	0	0	0	0	0.804	0	0	0.394	0.876
Vamp1	Stx7	2098507	2094784	10090.ENSMUSP00000032487	10090.ENSMUSP00000020174	0	0	0	0	0	0.378	0.540	0.588	0.872
Ctsd	Ctsb	2112864	2093785	10090.ENSMUSP00000121203	10090.ENSMUSP00000006235	0	0	0	0	0.435	0.195	0	0.739	0.871
Vamp1	Stx12	2098507	2097934	10090.ENSMUSP00000032487	10090.ENSMUSP00000030698	0	0	0	0	0	0.378	0.540	0.580	0.869
Rac2	Was	2099612	2098790	10090.ENSMUSP00000036384	10090.ENSMUSP00000033505	0	0	0	0	0.707	0.136	0	0.521	0.868
Vamp1	Stx8	2098507	2095129	10090.ENSMUSP00000032487	10090.ENSMUSP00000021285	0	0	0	0	0	0.526	0.540	0.437	0.866
Rac2	Itgb2	2099612	2093087	10090.ENSMUSP00000036384	10090.ENSMUSP00000000299	0	0	0	0	0.681	0	0.441	0.289	0.862
Lamtor1	Rragc	2098686	2097840	10090.ENSMUSP00000033131	10090.ENSMUSP00000030399	0	0	0	0	0.117	0.581	0	0.655	0.861
Slit1	Ntn1	2096483	2095128	10090.ENSMUSP00000025993	10090.ENSMUSP00000021284	0	0	0	0	0	0.100	0	0.850	0.860
Flnc	Itgb5	2108082	2105190	10090.ENSMUSP00000087960	10090.ENSMUSP00000069416	0	0	0	0	0	0.178	0.800	0.217	0.860
Sdcbp	Sdc4	2097691	2094404	10090.ENSMUSP00000029912	10090.ENSMUSP00000017153	0	0	0	0	0	0.174	0.559	0.636	0.855
C1qa	Csf1r	2101938	2096325	10090.ENSMUSP00000048836	10090.ENSMUSP00000025523	0	0	0	0	0.845	0	0	0.098	0.854
Hcls1	Itgb2	2095863	2093087	10090.ENSMUSP00000023531	10090.ENSMUSP00000000299	0	0	0	0	0.680	0	0.474	0.200	0.853
Itgam	Csf1r	2110795	2096325	10090.ENSMUSP00000101849	10090.ENSMUSP00000025523	0	0	0	0	0.162	0	0	0.829	0.850
Vps41	Stx7	2105764	2094784	10090.ENSMUSP00000072729	10090.ENSMUSP00000020174	0	0	0	0	0	0.530	0	0.694	0.850
Itgb5	Vtn	2105190	2094427	10090.ENSMUSP00000069416	10090.ENSMUSP00000017488	0	0	0	0	0	0.128	0.800	0.209	0.850
Wasf2	Was	2107292	2098790	10090.ENSMUSP00000081263	10090.ENSMUSP00000033505	0	0	0	0	0	0.109	0	0.838	0.849
Fcer1g	Vav1	2106889	2093748	10090.ENSMUSP00000078875	10090.ENSMUSP00000005889	0	0	0	0	0.484	0	0.628	0.240	0.841
Akr1b7	Hk2	2093912	2093134	10090.ENSMUSP00000007449	10090.ENSMUSP00000000642	0	0.002	0	0	0.075	0	0.800	0.208	0.840
Itgb5	Vwf	2105190	2093314	10090.ENSMUSP00000069416	10090.ENSMUSP00000001995	0	0	0	0	0	0	0.800	0.220	0.837
Vamp7	Vps16	2102525	2097340	10090.ENSMUSP00000052262	10090.ENSMUSP00000028900	0	0	0	0	0	0.640	0	0.567	0.837
Vps39	Vamp7	2110249	2102525	10090.ENSMUSP00000099559	10090.ENSMUSP00000052262	0	0	0	0	0	0.606	0	0.596	0.834
Rspo3	Sdc4	2108353	2094404	10090.ENSMUSP00000090287	10090.ENSMUSP00000017153	0	0	0	0	0	0	0	0.831	0.831
Itm2b	Aplp1	2095598	2093858	10090.ENSMUSP00000022704	10090.ENSMUSP00000006828	0	0	0	0	0	0	0	0.831	0.831
Vps41	Stx12	2105764	2097934	10090.ENSMUSP00000072729	10090.ENSMUSP00000030698	0	0	0	0	0	0.530	0	0.638	0.823
Fermt3	Itgb2	2099882	2093087	10090.ENSMUSP00000037858	10090.ENSMUSP00000000299	0	0	0	0	0.702	0	0	0.432	0.823
Eef1b2	Rpl21	2112614	2100589	10090.ENSMUSP00000116492	10090.ENSMUSP00000041652	0.069	0	0	0	0.789	0	0	0.166	0.822
Ptprc	Aif1	2096963	2096236	10090.ENSMUSP00000027645	10090.ENSMUSP00000025257	0	0	0	0	0.569	0	0	0.603	0.821
Col1a2	Sdc4	2098267	2094404	10090.ENSMUSP00000031668	10090.ENSMUSP00000017153	0	0	0	0	0	0	0.800	0.126	0.817
Ctgf	Col1a1	2094783	2093250	10090.ENSMUSP00000020171	10090.ENSMUSP00000001547	0	0	0	0	0.159	0	0	0.790	0.816
Prkcg	F11r	2109897	2100645	10090.ENSMUSP00000097874	10090.ENSMUSP00000041907	0	0	0	0	0	0.113	0.800	0	0.815
Ptprc	Csf1r	2096963	2096325	10090.ENSMUSP00000027645	10090.ENSMUSP00000025523	0	0	0	0	0.439	0.073	0	0.674	0.815
Csf1r	Ptpn6	2096325	2093598	10090.ENSMUSP00000025523	10090.ENSMUSP00000004377	0	0	0	0	0.413	0.084	0	0.681	0.814
Prkcd	F11r	2111627	2100645	10090.ENSMUSP00000107827	10090.ENSMUSP00000041907	0	0	0	0	0	0.098	0.800	0.048	0.813
Sdc4	Col1a1	2094404	2093250	10090.ENSMUSP00000017153	10090.ENSMUSP00000001547	0	0	0	0	0	0	0.800	0.097	0.811
C1qb	Aif1	2100338	2096236	10090.ENSMUSP00000040246	10090.ENSMUSP00000025257	0	0	0	0	0.762	0	0	0.237	0.810
Bace1	Itm2b	2099181	2095598	10090.ENSMUSP00000034591	10090.ENSMUSP00000022704	0	0	0	0	0	0.164	0	0.780	0.809
Hap1	Gabra1	2114445	2094956	10090.ENSMUSP00000133356	10090.ENSMUSP00000020707	0	0	0	0	0	0	0.800	0.088	0.809
Pvalb	Calb2	2093746	2093539	10090.ENSMUSP00000005860	10090.ENSMUSP00000003754	0	0	0	0	0	0	0	0.809	0.809
Prkcg	Itgb5	2109897	2105190	10090.ENSMUSP00000097874	10090.ENSMUSP00000069416	0	0	0	0	0	0.084	0.800	0	0.808
Csf1r	Itgb2	2096325	2093087	10090.ENSMUSP00000025523	10090.ENSMUSP00000000299	0	0	0	0	0.617	0.064	0.436	0.164	0.808
Hap1	Gabra5	2114445	2104362	10090.ENSMUSP00000133356	10090.ENSMUSP00000063276	0	0	0	0	0	0	0.800	0.063	0.804
Vamp7	Vps33a	2102525	2098177	10090.ENSMUSP00000052262	10090.ENSMUSP00000031388	0	0	0	0	0	0.647	0	0.467	0.804
Icam1	Ptprc	2107578	2096963	10090.ENSMUSP00000083587	10090.ENSMUSP00000027645	0	0	0	0	0.116	0	0	0.783	0.800
Vps41	Vamp7	2105764	2102525	10090.ENSMUSP00000072729	10090.ENSMUSP00000052262	0	0	0	0	0	0.604	0	0.514	0.799
Icam1	Csf1r	2107578	2096325	10090.ENSMUSP00000083587	10090.ENSMUSP00000025523	0	0	0	0	0	0	0	0.794	0.795
Itgax	Csf1r	2098664	2096325	10090.ENSMUSP00000033053	10090.ENSMUSP00000025523	0	0	0	0	0.298	0	0	0.719	0.794
Vamp7	Lamp1	2102525	2098894	10090.ENSMUSP00000052262	10090.ENSMUSP00000033824	0	0	0	0	0	0.517	0	0.578	0.787
Was	Vav1	2098790	2093748	10090.ENSMUSP00000033505	10090.ENSMUSP00000005889	0	0	0	0	0.454	0	0	0.626	0.787
Ranbp6	Ran	2110514	2098175	10090.ENSMUSP00000100503	10090.ENSMUSP00000031383	0	0	0	0	0.130	0.582	0	0.461	0.786
Itgax	Fcgr1	2098664	2097634	10090.ENSMUSP00000033053	10090.ENSMUSP00000029748	0	0	0	0	0.279	0	0	0.714	0.785
B2m	Ptprc	2110238	2096963	10090.ENSMUSP00000099534	10090.ENSMUSP00000027645	0	0	0	0	0.264	0	0	0.717	0.782
C1qa	Fcgr1	2101938	2097634	10090.ENSMUSP00000048836	10090.ENSMUSP00000029748	0	0	0	0	0.567	0	0	0.512	0.780
Fcer1g	Hcls1	2106889	2095863	10090.ENSMUSP00000078875	10090.ENSMUSP00000023531	0	0	0	0	0.521	0	0.559	0	0.779
Was	Hcls1	2098790	2095863	10090.ENSMUSP00000033505	10090.ENSMUSP00000023531	0	0	0	0	0.605	0.107	0	0.424	0.779
Inpp5d	Fcer1g	2113548	2106889	10090.ENSMUSP00000127941	10090.ENSMUSP00000078875	0	0	0	0	0.464	0	0.559	0.136	0.777
Ctsb	App	2093785	2093694	10090.ENSMUSP00000006235	10090.ENSMUSP00000005406	0	0	0	0	0.105	0	0	0.761	0.777
Aplp2	Ncstn	2105710	2093511	10090.ENSMUSP00000072428	10090.ENSMUSP00000003550	0	0	0	0	0	0.063	0	0.762	0.768
Vps33a	Stx12	2098177	2097934	10090.ENSMUSP00000031388	10090.ENSMUSP00000030698	0	0	0	0	0	0.401	0	0.620	0.763
Fermt3	Rac2	2099882	2099612	10090.ENSMUSP00000037858	10090.ENSMUSP00000036384	0	0	0	0	0.758	0	0	0.058	0.762
Prkcd	Rac2	2111627	2099612	10090.ENSMUSP00000107827	10090.ENSMUSP00000036384	0	0	0	0	0.210	0.293	0.310	0.450	0.760
Rac2	Ptpn6	2099612	2093598	10090.ENSMUSP00000036384	10090.ENSMUSP00000004377	0	0	0	0	0.701	0.095	0	0.172	0.757
Fermt3	Hcls1	2099882	2095863	10090.ENSMUSP00000037858	10090.ENSMUSP00000023531	0	0	0	0	0.755	0	0	0	0.755
Itgam	Aif1	2110795	2096236	10090.ENSMUSP00000101849	10090.ENSMUSP00000025257	0	0	0	0	0.127	0	0	0.730	0.754
Vps33a	Stx7	2098177	2094784	10090.ENSMUSP00000031388	10090.ENSMUSP00000020174	0	0	0	0	0	0.401	0	0.606	0.754
Csf1r	Aif1	2096325	2096236	10090.ENSMUSP00000025523	10090.ENSMUSP00000025257	0	0	0	0	0.649	0	0	0.330	0.754
Lamp2	Anxa4	2094385	2093209	10090.ENSMUSP00000016678	10090.ENSMUSP00000001187	0	0	0	0	0.174	0	0	0.713	0.753
Msn	Rac2	2112332	2099612	10090.ENSMUSP00000113071	10090.ENSMUSP00000036384	0	0	0	0	0.114	0.126	0.486	0.453	0.753
Itgam	C4b	2110795	2105191	10090.ENSMUSP00000101849	10090.ENSMUSP00000069418	0	0	0	0	0	0.174	0.310	0.602	0.753
Ostm1	Clcn6	2099461	2097997	10090.ENSMUSP00000035516	10090.ENSMUSP00000030879	0	0	0	0	0	0	0	0.750	0.750
Fcer1g	Ptpn6	2106889	2093598	10090.ENSMUSP00000078875	10090.ENSMUSP00000004377	0	0	0	0	0.451	0	0.463	0.214	0.748
Prkcg	Rac2	2109897	2099612	10090.ENSMUSP00000097874	10090.ENSMUSP00000036384	0	0	0	0	0	0.293	0.412	0.443	0.748
Fcgr1	Aif1	2097634	2096236	10090.ENSMUSP00000029748	10090.ENSMUSP00000025257	0	0	0	0	0.747	0	0	0.048	0.748
Vps39	Rraga	2110249	2108176	10090.ENSMUSP00000099559	10090.ENSMUSP00000088591	0	0	0	0	0	0.548	0	0.465	0.748
Ctsd	Npc1	2112864	2096246	10090.ENSMUSP00000121203	10090.ENSMUSP00000025279	0	0	0	0	0	0	0	0.745	0.745
Spon1	Apoe	2100500	2093453	10090.ENSMUSP00000041157	10090.ENSMUSP00000003066	0	0	0	0	0.165	0	0	0.705	0.743
Fermt3	Ptpn6	2099882	2093598	10090.ENSMUSP00000037858	10090.ENSMUSP00000004377	0	0	0	0	0.697	0	0	0.187	0.743
App	Apoe	2093694	2093453	10090.ENSMUSP00000005406	10090.ENSMUSP00000003066	0	0	0	0	0	0.381	0	0.592	0.737
Ostm1	Lamp1	2099461	2098894	10090.ENSMUSP00000035516	10090.ENSMUSP00000033824	0	0	0	0	0	0.565	0	0.418	0.736
Wasf2	Abi3	2107292	2104128	10090.ENSMUSP00000081263	10090.ENSMUSP00000061893	0	0	0	0	0	0.166	0.408	0.503	0.733
Mdk	Sdc4	2097270	2094404	10090.ENSMUSP00000028672	10090.ENSMUSP00000017153	0	0	0	0	0	0.165	0.559	0.329	0.731
Msn	Ncf1	2112332	2111516	10090.ENSMUSP00000113071	10090.ENSMUSP00000106906	0	0	0	0	0	0.291	0	0.628	0.725
Dock10	Rac2	2106538	2099612	10090.ENSMUSP00000077099	10090.ENSMUSP00000036384	0	0	0	0	0.442	0.183	0.355	0.174	0.724
Ncf1	Hcls1	2111516	2095863	10090.ENSMUSP00000106906	10090.ENSMUSP00000023531	0	0	0	0	0.344	0.113	0	0.562	0.723
Entpd1	P2ry12	2111630	2102363	10090.ENSMUSP00000107850	10090.ENSMUSP00000051353	0	0	0	0	0.146	0	0	0.687	0.721
Plek	Itgb2	2110428	2093087	10090.ENSMUSP00000099945	10090.ENSMUSP00000000299	0	0	0	0	0.708	0	0	0.083	0.721
Cenpv	App	2094544	2093694	10090.ENSMUSP00000018653	10090.ENSMUSP00000005406	0	0	0	0	0	0	0.720	0	0.720
Lcp1	Itgb2	2112603	2093087	10090.ENSMUSP00000116271	10090.ENSMUSP00000000299	0	0	0	0	0.615	0.165	0	0.190	0.717
Gap43	Nrgn	2110401	2105294	10090.ENSMUSP00000099881	10090.ENSMUSP00000070113	0	0	0	0	0.150	0	0	0.679	0.715
Bace1	Aplp1	2099181	2093858	10090.ENSMUSP00000034591	10090.ENSMUSP00000006828	0	0	0	0	0	0	0	0.713	0.713
Lcp1	Actr1a	2112603	2100265	10090.ENSMUSP00000116271	10090.ENSMUSP00000039844	0	0	0	0	0	0.300	0	0.601	0.709
Hexa	Hexb	2096559	2095415	10090.ENSMUSP00000026262	10090.ENSMUSP00000022169	0	0	0.527	0.962	0.274	0.596	0	0.852	0.709
Lyz1	C1qb	2108308	2100338	10090.ENSMUSP00000089800	10090.ENSMUSP00000040246	0	0	0	0	0.659	0	0	0.179	0.708
Hmha1	Fermt3	2109618	2099882	10090.ENSMUSP00000097100	10090.ENSMUSP00000037858	0	0	0	0	0.590	0	0	0.310	0.705
Fcer1g	Itgb2	2106889	2093087	10090.ENSMUSP00000078875	10090.ENSMUSP00000000299	0	0	0	0	0.653	0	0	0.179	0.703
Ptprc	Ptpn6	2096963	2093598	10090.ENSMUSP00000027645	10090.ENSMUSP00000004377	0	0	0	0.716	0.621	0	0	0.727	0.698
Tmem106b	Arl8a	2098232	2096973	10090.ENSMUSP00000031556	10090.ENSMUSP00000027684	0	0	0	0	0.085	0	0	0.681	0.696
Vps16	Stx8	2097340	2095129	10090.ENSMUSP00000028900	10090.ENSMUSP00000021285	0	0	0	0	0	0.565	0	0.332	0.696
Nrxn1	Syt13	2113145	2097261	10090.ENSMUSP00000125407	10090.ENSMUSP00000028648	0	0	0	0	0	0.565	0	0.324	0.693
Itgam	C1qa	2110795	2101938	10090.ENSMUSP00000101849	10090.ENSMUSP00000048836	0	0	0	0	0.160	0	0	0.650	0.693
Col1a2	Vim	2098267	2097089	10090.ENSMUSP00000031668	10090.ENSMUSP00000028062	0	0	0	0	0.513	0	0	0.397	0.693
Aplp1	App	2093858	2093694	10090.ENSMUSP00000006828	10090.ENSMUSP00000005406	0	0	0	0.752	0.192	0.565	0	0.659	0.692
Ostm1	Clcn3	2099461	2093605	10090.ENSMUSP00000035516	10090.ENSMUSP00000004430	0	0	0	0	0	0	0	0.690	0.691
Csf1r	Vav1	2096325	2093748	10090.ENSMUSP00000025523	10090.ENSMUSP00000005889	0	0	0	0	0.321	0.068	0.457	0.208	0.691
Fermt3	Was	2099882	2098790	10090.ENSMUSP00000037858	10090.ENSMUSP00000033505	0	0	0	0	0.688	0	0	0.048	0.690
Ctsd	Lamp1	2112864	2098894	10090.ENSMUSP00000121203	10090.ENSMUSP00000033824	0	0	0	0	0.136	0.064	0	0.643	0.686
Hcls1	Ptpn6	2095863	2093598	10090.ENSMUSP00000023531	10090.ENSMUSP00000004377	0	0	0	0	0.630	0.065	0	0.167	0.686
Vim	Col1a1	2097089	2093250	10090.ENSMUSP00000028062	10090.ENSMUSP00000001547	0	0	0	0	0.473	0	0	0.429	0.686
Snapin	Stx12	2112905	2097934	10090.ENSMUSP00000122090	10090.ENSMUSP00000030698	0	0	0	0	0	0	0.360	0.527	0.684
Eef1g	Rpl21	2108963	2100589	10090.ENSMUSP00000093955	10090.ENSMUSP00000041652	0	0	0	0	0.622	0.073	0	0.169	0.683
Lcp1	Cnn3	2112603	2097643	10090.ENSMUSP00000116271	10090.ENSMUSP00000029773	0	0	0	0	0	0.531	0	0.350	0.682
Vps39	Rragc	2110249	2097840	10090.ENSMUSP00000099559	10090.ENSMUSP00000030399	0	0	0	0	0	0	0	0.681	0.681
Scarb2	Lamp2	2098173	2094385	10090.ENSMUSP00000031377	10090.ENSMUSP00000016678	0	0	0	0	0.207	0	0	0.607	0.675
Lyz1	C1qa	2108308	2101938	10090.ENSMUSP00000089800	10090.ENSMUSP00000048836	0	0	0	0	0.642	0	0	0.125	0.673
Aplp2	Ctsb	2105710	2093785	10090.ENSMUSP00000072428	10090.ENSMUSP00000006235	0	0	0	0	0.109	0	0	0.643	0.668
C4b	Itgax	2105191	2098664	10090.ENSMUSP00000069418	10090.ENSMUSP00000033053	0	0	0	0	0.123	0.174	0.310	0.412	0.666
Lamp1	Scarb2	2098894	2098173	10090.ENSMUSP00000033824	10090.ENSMUSP00000031377	0	0	0	0	0	0	0	0.666	0.666
Clstn1	App	2099710	2093694	10090.ENSMUSP00000036962	10090.ENSMUSP00000005406	0	0	0	0	0	0.571	0	0.253	0.666
B2m	Ptpn6	2110238	2093598	10090.ENSMUSP00000099534	10090.ENSMUSP00000004377	0	0	0	0	0.142	0	0.563	0.176	0.664
Plek	Vav1	2110428	2093748	10090.ENSMUSP00000099945	10090.ENSMUSP00000005889	0	0	0	0	0.414	0	0	0.450	0.663
B2m	Psmb8	2110238	2096210	10090.ENSMUSP00000099534	10090.ENSMUSP00000025196	0	0	0	0	0.613	0	0	0.167	0.663
Prkcd	Vav1	2111627	2093748	10090.ENSMUSP00000107827	10090.ENSMUSP00000005889	0	0	0	0	0.145	0.157	0.559	0.064	0.662
C1qa	Itgax	2101938	2098664	10090.ENSMUSP00000048836	10090.ENSMUSP00000033053	0	0	0	0	0.296	0	0	0.538	0.660
Wasf2	Hcls1	2107292	2095863	10090.ENSMUSP00000081263	10090.ENSMUSP00000023531	0	0	0	0	0	0	0	0.657	0.658
Icam1	Vwf	2107578	2093314	10090.ENSMUSP00000083587	10090.ENSMUSP00000001995	0	0	0	0	0.108	0	0	0.631	0.657
Igsf9b	Slit1	2112638	2096483	10090.ENSMUSP00000117017	10090.ENSMUSP00000025993	0	0	0	0	0	0.300	0	0.528	0.656
Slit2	Igsf9b	2113494	2112638	10090.ENSMUSP00000127615	10090.ENSMUSP00000117017	0	0	0	0	0	0.300	0	0.528	0.656
Itgb5	Itgax	2105190	2098664	10090.ENSMUSP00000069416	10090.ENSMUSP00000033053	0	0	0	0	0	0.165	0.573	0.110	0.655
Psap	Ctsb	2115534	2093785	10090.ENSMUSP00000137476	10090.ENSMUSP00000006235	0	0	0	0	0.615	0.072	0	0.108	0.654
Plek	Ptprc	2110428	2096963	10090.ENSMUSP00000099945	10090.ENSMUSP00000027645	0	0	0	0	0.608	0	0	0.153	0.654
Plek	Fermt3	2110428	2099882	10090.ENSMUSP00000099945	10090.ENSMUSP00000037858	0	0	0	0	0.519	0	0	0.308	0.653
Inpp5d	Rac2	2113548	2099612	10090.ENSMUSP00000127941	10090.ENSMUSP00000036384	0	0	0	0	0.594	0.073	0	0.150	0.652
Fermt3	Vav1	2099882	2093748	10090.ENSMUSP00000037858	10090.ENSMUSP00000005889	0	0	0	0	0.604	0	0	0.152	0.650
Dock10	Ptprc	2106538	2096963	10090.ENSMUSP00000077099	10090.ENSMUSP00000027645	0	0	0	0	0.650	0	0	0	0.650
Vps39	Stx7	2110249	2094784	10090.ENSMUSP00000099559	10090.ENSMUSP00000020174	0	0	0	0	0.064	0.282	0	0.521	0.650
Vim	S100a6	2097089	2093181	10090.ENSMUSP00000028062	10090.ENSMUSP00000001051	0	0	0	0	0.597	0	0	0.165	0.649
Itgam	Itgb5	2110795	2105190	10090.ENSMUSP00000101849	10090.ENSMUSP00000069416	0	0	0	0	0	0.165	0.573	0.095	0.649
Anxa3	S100a6	2098199	2093181	10090.ENSMUSP00000031447	10090.ENSMUSP00000001051	0	0	0	0	0.585	0.122	0	0.108	0.646
Ptprc	Cd34	2096963	2094376	10090.ENSMUSP00000027645	10090.ENSMUSP00000016638	0	0	0	0	0	0	0	0.646	0.646
Ptn	Sdc4	2110112	2094404	10090.ENSMUSP00000099073	10090.ENSMUSP00000017153	0	0	0	0	0	0.103	0.374	0.417	0.644
Slc17a6	Calb2	2098553	2093539	10090.ENSMUSP00000032710	10090.ENSMUSP00000003754	0	0	0	0	0.142	0.063	0	0.593	0.644
Col1a2	Ctgf	2098267	2094783	10090.ENSMUSP00000031668	10090.ENSMUSP00000020171	0	0	0	0	0.189	0	0	0.579	0.644
Abcb9	Tapbp	2098165	2096199	10090.ENSMUSP00000031354	10090.ENSMUSP00000025161	0	0	0	0	0.067	0.166	0.360	0.368	0.643
Flt1	Ptprc	2098262	2096963	10090.ENSMUSP00000031653	10090.ENSMUSP00000027645	0	0	0	0	0	0.073	0	0.630	0.643
Msn	Itgb2	2112332	2093087	10090.ENSMUSP00000113071	10090.ENSMUSP00000000299	0	0	0	0	0.224	0.114	0.441	0.181	0.643
C1qb	Itgb2	2100338	2093087	10090.ENSMUSP00000040246	10090.ENSMUSP00000000299	0	0	0	0	0.494	0	0	0.323	0.643
Anxa2	Vim	2099236	2097089	10090.ENSMUSP00000034756	10090.ENSMUSP00000028062	0	0.003	0	0	0.549	0	0	0.237	0.641
Ptprc	Lamp2	2096963	2094385	10090.ENSMUSP00000027645	10090.ENSMUSP00000016678	0	0	0	0	0	0	0	0.640	0.640
Aplp2	Aplp1	2105710	2093858	10090.ENSMUSP00000072428	10090.ENSMUSP00000006828	0	0	0	0.814	0	0.565	0	0.934	0.640
Ncf1	Itgam	2111516	2110795	10090.ENSMUSP00000106906	10090.ENSMUSP00000101849	0	0	0	0	0.251	0	0	0.539	0.639
Itgam	B2m	2110795	2110238	10090.ENSMUSP00000101849	10090.ENSMUSP00000099534	0	0	0	0	0	0	0	0.639	0.639
B2m	Vav1	2110238	2093748	10090.ENSMUSP00000099534	10090.ENSMUSP00000005889	0	0	0	0	0	0	0.559	0.214	0.638
Itgam	Lamp2	2110795	2094385	10090.ENSMUSP00000101849	10090.ENSMUSP00000016678	0	0	0	0	0	0	0	0.638	0.638
Ptpn6	Itgb2	2093598	2093087	10090.ENSMUSP00000004377	10090.ENSMUSP00000000299	0	0	0	0	0.528	0.090	0	0.224	0.637
Fcer1g	C1qb	2106889	2100338	10090.ENSMUSP00000078875	10090.ENSMUSP00000040246	0	0	0	0	0.636	0	0	0	0.636
Ptgs1	Apoe	2103843	2093453	10090.ENSMUSP00000059977	10090.ENSMUSP00000003066	0	0	0	0	0	0	0	0.634	0.635
Lcp1	Ptprc	2112603	2096963	10090.ENSMUSP00000116271	10090.ENSMUSP00000027645	0	0	0	0	0.421	0	0	0.395	0.635
Hcls1	Vav1	2095863	2093748	10090.ENSMUSP00000023531	10090.ENSMUSP00000005889	0	0	0	0	0.587	0	0	0.149	0.634
Was	Ptprc	2098790	2096963	10090.ENSMUSP00000033505	10090.ENSMUSP00000027645	0	0	0	0	0.526	0.065	0	0.240	0.634
Plek	Rac2	2110428	2099612	10090.ENSMUSP00000099945	10090.ENSMUSP00000036384	0	0	0	0	0.550	0	0	0.220	0.634
Flt1	Ptpn6	2098262	2093598	10090.ENSMUSP00000031653	10090.ENSMUSP00000004377	0	0	0	0	0	0.270	0.463	0.136	0.632
Fcer1g	Csf1r	2106889	2096325	10090.ENSMUSP00000078875	10090.ENSMUSP00000025523	0	0	0	0	0.607	0.068	0	0.074	0.631
Stx12	Stx7	2097934	2094784	10090.ENSMUSP00000030698	10090.ENSMUSP00000020174	0	0	0	0.950	0.202	0	0.540	0.728	0.631
Stx12	Bloc1s1	2097934	2096593	10090.ENSMUSP00000030698	10090.ENSMUSP00000026405	0	0	0	0	0	0	0.360	0.442	0.628
Prkcd	Sdc4	2111627	2094404	10090.ENSMUSP00000107827	10090.ENSMUSP00000017153	0	0	0	0	0	0.175	0.493	0.183	0.628
Apoe	Anxa4	2093453	2093209	10090.ENSMUSP00000003066	10090.ENSMUSP00000001187	0	0	0	0	0	0	0	0.627	0.627
Vps39	Stx12	2110249	2097934	10090.ENSMUSP00000099559	10090.ENSMUSP00000030698	0	0	0	0	0.064	0.282	0	0.488	0.626
Fcer1g	C1qa	2106889	2101938	10090.ENSMUSP00000078875	10090.ENSMUSP00000048836	0	0	0	0	0.496	0	0	0.287	0.625
Rragc	Lamtor2	2097840	2097616	10090.ENSMUSP00000030399	10090.ENSMUSP00000029698	0	0	0	0	0	0.292	0	0.493	0.625
Flt1	Vwf	2098262	2093314	10090.ENSMUSP00000031653	10090.ENSMUSP00000001995	0	0	0	0	0.113	0	0	0.592	0.623
Fermt3	Ptprc	2099882	2096963	10090.ENSMUSP00000037858	10090.ENSMUSP00000027645	0	0	0	0	0.616	0	0	0.059	0.623
Eef1b2	Snrpg	2112614	2107968	10090.ENSMUSP00000116492	10090.ENSMUSP00000086987	0	0	0	0	0.501	0	0	0.270	0.620
Arpc1b	Capg	2107483	2104379	10090.ENSMUSP00000082822	10090.ENSMUSP00000063389	0	0	0	0	0.583	0	0	0.128	0.620
Npc1	Lamp2	2096246	2094385	10090.ENSMUSP00000025279	10090.ENSMUSP00000016678	0	0	0	0	0.101	0	0	0.594	0.619
Ptprc	Hcls1	2096963	2095863	10090.ENSMUSP00000027645	10090.ENSMUSP00000023531	0	0	0	0	0.583	0.065	0	0.102	0.619
Gpc1	App	2101599	2093694	10090.ENSMUSP00000047199	10090.ENSMUSP00000005406	0	0	0	0	0	0.165	0.559	0	0.616
Hmha1	Ptpn6	2109618	2093598	10090.ENSMUSP00000097100	10090.ENSMUSP00000004377	0	0	0	0	0.606	0.063	0	0	0.615
Psap	Ctsd	2115534	2112864	10090.ENSMUSP00000137476	10090.ENSMUSP00000121203	0	0	0	0	0.465	0.165	0	0.208	0.615
Was	Ptpn6	2098790	2093598	10090.ENSMUSP00000033505	10090.ENSMUSP00000004377	0	0	0	0	0.580	0.065	0	0.098	0.614
Vps33a	Stx8	2098177	2095129	10090.ENSMUSP00000031388	10090.ENSMUSP00000021285	0	0	0	0	0	0.298	0	0.469	0.611
Rac2	Ntn1	2099612	2095128	10090.ENSMUSP00000036384	10090.ENSMUSP00000021284	0	0	0	0	0	0	0.435	0.338	0.609
Rac2	Ntn3	2099612	2096133	10090.ENSMUSP00000036384	10090.ENSMUSP00000024931	0	0	0	0	0	0	0.435	0.338	0.609
Snapin	Vamp7	2112905	2102525	10090.ENSMUSP00000122090	10090.ENSMUSP00000052262	0	0	0	0	0	0	0	0.609	0.609
Aplp2	App	2105710	2093694	10090.ENSMUSP00000072428	10090.ENSMUSP00000005406	0	0	0	0.842	0	0.565	0	0.630	0.607
Rac2	Aif1	2099612	2096236	10090.ENSMUSP00000036384	10090.ENSMUSP00000025257	0	0	0	0	0.550	0	0	0.164	0.607
Serpine2	Timp2	2096908	2094439	10090.ENSMUSP00000027467	10090.ENSMUSP00000017610	0	0	0	0	0	0	0	0.606	0.606
Itgax	Lamp2	2098664	2094385	10090.ENSMUSP00000033053	10090.ENSMUSP00000016678	0	0	0	0	0	0	0	0.606	0.606
Icam1	Apoe	2107578	2093453	10090.ENSMUSP00000083587	10090.ENSMUSP00000003066	0	0	0	0	0.102	0	0	0.578	0.605
Flt1	Mdk	2098262	2097270	10090.ENSMUSP00000031653	10090.ENSMUSP00000028672	0	0	0	0	0	0	0	0.604	0.604
Lcp1	Tagln2	2112603	2111511	10090.ENSMUSP00000116271	10090.ENSMUSP00000106859	0	0	0	0	0	0.416	0	0.350	0.604
Inpp5d	Actr1a	2113548	2100265	10090.ENSMUSP00000127941	10090.ENSMUSP00000039844	0	0	0	0	0	0.561	0	0.136	0.604
Itgb5	Mfge8	2105190	2098587	10090.ENSMUSP00000069416	10090.ENSMUSP00000032825	0	0	0	0	0.113	0	0.452	0.250	0.603
Fcer1g	Aif1	2106889	2096236	10090.ENSMUSP00000078875	10090.ENSMUSP00000025257	0	0	0	0	0.600	0	0	0.047	0.602
Inpp5d	Vav1	2113548	2093748	10090.ENSMUSP00000127941	10090.ENSMUSP00000005889	0	0	0	0	0.522	0.064	0	0.180	0.601
Tagln2	Anxa2	2111511	2099236	10090.ENSMUSP00000106859	10090.ENSMUSP00000034756	0	0	0	0	0.547	0	0	0.153	0.600
Lyz1	Csf1r	2108308	2096325	10090.ENSMUSP00000089800	10090.ENSMUSP00000025523	0	0	0	0	0.566	0	0	0.118	0.600
Aplp2	Grm2	2105710	2095994	10090.ENSMUSP00000072428	10090.ENSMUSP00000023959	0	0	0	0	0	0	0	0.599	0.599
Capg	S100a6	2104379	2093181	10090.ENSMUSP00000063389	10090.ENSMUSP00000001051	0	0	0	0	0.537	0	0	0.171	0.599
Prkcd	Icam1	2111627	2107578	10090.ENSMUSP00000107827	10090.ENSMUSP00000083587	0	0	0	0	0	0.107	0.559	0.059	0.597
Ctsd	Lamp2	2112864	2094385	10090.ENSMUSP00000121203	10090.ENSMUSP00000016678	0	0	0	0	0.142	0.138	0	0.497	0.596
Fcgr1	Itgb2	2097634	2093087	10090.ENSMUSP00000029748	10090.ENSMUSP00000000299	0	0	0	0	0.542	0	0	0.155	0.596
Inpp5d	Ptprc	2113548	2096963	10090.ENSMUSP00000127941	10090.ENSMUSP00000027645	0	0	0	0	0.502	0.089	0	0.180	0.595
Arpc1b	Clic1	2107483	2093899	10090.ENSMUSP00000082822	10090.ENSMUSP00000007257	0	0	0	0	0.595	0	0	0	0.595
Ptprc	Vwf	2096963	2093314	10090.ENSMUSP00000027645	10090.ENSMUSP00000001995	0	0	0	0	0	0	0	0.593	0.593
C1qb	Fcgr1	2100338	2097634	10090.ENSMUSP00000040246	10090.ENSMUSP00000029748	0	0	0	0	0.563	0	0	0.107	0.593
Inpp5d	Fermt3	2113548	2099882	10090.ENSMUSP00000127941	10090.ENSMUSP00000037858	0	0	0	0	0.592	0	0	0.043	0.592
Vps29	Serpine2	2112855	2096908	10090.ENSMUSP00000121020	10090.ENSMUSP00000027467	0	0	0	0	0	0	0	0.591	0.591
Itgam	Ctgf	2110795	2094783	10090.ENSMUSP00000101849	10090.ENSMUSP00000020171	0	0	0	0	0	0	0.559	0.111	0.591
B2m	Itgax	2110238	2098664	10090.ENSMUSP00000099534	10090.ENSMUSP00000033053	0	0	0	0	0	0	0	0.590	0.590
Plek	Hcls1	2110428	2095863	10090.ENSMUSP00000099945	10090.ENSMUSP00000023531	0	0	0	0	0.545	0	0	0.137	0.590
Prkcg	Sdc4	2109897	2094404	10090.ENSMUSP00000097874	10090.ENSMUSP00000017153	0	0	0	0	0	0.265	0.463	0	0.588
Edil3	Itgb5	2107154	2105190	10090.ENSMUSP00000080462	10090.ENSMUSP00000069416	0	0	0	0	0	0	0.559	0.106	0.588
Itgam	Fcgr1	2110795	2097634	10090.ENSMUSP00000101849	10090.ENSMUSP00000029748	0	0	0	0	0.231	0	0	0.485	0.587
C1qa	Apoe	2101938	2093453	10090.ENSMUSP00000048836	10090.ENSMUSP00000003066	0	0	0	0	0.403	0	0	0.335	0.586
Ncf1	Vav1	2111516	2093748	10090.ENSMUSP00000106906	10090.ENSMUSP00000005889	0	0	0	0	0.326	0	0	0.411	0.586
Fcgr1	Csf1r	2097634	2096325	10090.ENSMUSP00000029748	10090.ENSMUSP00000025523	0	0	0	0	0.524	0	0	0.163	0.584
Gpc1	Flt1	2101599	2098262	10090.ENSMUSP00000047199	10090.ENSMUSP00000031653	0	0	0	0	0	0	0.559	0.096	0.584
Lcp1	Rac2	2112603	2099612	10090.ENSMUSP00000116271	10090.ENSMUSP00000036384	0	0	0	0	0.454	0.066	0	0.249	0.583
Plek	Ptpn6	2110428	2093598	10090.ENSMUSP00000099945	10090.ENSMUSP00000004377	0	0	0	0	0.441	0	0	0.283	0.582
Inpp5d	Hmha1	2113548	2109618	10090.ENSMUSP00000127941	10090.ENSMUSP00000097100	0	0	0	0	0.582	0	0	0	0.582
Pgam2	Pvalb	2094970	2093746	10090.ENSMUSP00000020768	10090.ENSMUSP00000005860	0	0	0	0	0.553	0.073	0	0.068	0.580
Icam1	Hcls1	2107578	2095863	10090.ENSMUSP00000083587	10090.ENSMUSP00000023531	0	0	0	0	0.179	0	0	0.510	0.580
Csf1r	Hcls1	2096325	2095863	10090.ENSMUSP00000025523	10090.ENSMUSP00000023531	0	0	0	0	0.501	0	0	0.193	0.580
Lamp1	Ctsb	2098894	2093785	10090.ENSMUSP00000033824	10090.ENSMUSP00000006235	0	0	0	0	0.331	0.077	0	0.374	0.580
Fcer1g	Ptprc	2106889	2096963	10090.ENSMUSP00000078875	10090.ENSMUSP00000027645	0	0	0	0	0.509	0	0	0.179	0.579
Itgax	Aif1	2098664	2096236	10090.ENSMUSP00000033053	10090.ENSMUSP00000025257	0	0	0	0	0.378	0	0	0.352	0.579
Rac2	Apbb1ip	2099612	2094193	10090.ENSMUSP00000036384	10090.ENSMUSP00000014290	0	0	0	0	0.544	0.065	0	0.094	0.579
Hmha1	Hcls1	2109618	2095863	10090.ENSMUSP00000097100	10090.ENSMUSP00000023531	0	0	0	0	0.548	0	0	0.106	0.578
Fermt3	Csf1r	2099882	2096325	10090.ENSMUSP00000037858	10090.ENSMUSP00000025523	0	0	0	0	0.550	0	0	0.101	0.578
Vamp1	Slc6a4	2098507	2095102	10090.ENSMUSP00000032487	10090.ENSMUSP00000021195	0	0	0	0	0	0	0	0.576	0.577
Prkcg	Icam1	2109897	2107578	10090.ENSMUSP00000097874	10090.ENSMUSP00000083587	0	0	0	0	0	0.080	0.559	0	0.576
Fermt3	Aif1	2099882	2096236	10090.ENSMUSP00000037858	10090.ENSMUSP00000025257	0	0	0	0	0.508	0	0	0.174	0.576
Hist1h2bj	Hist1h1b	2111420	2106969	10090.ENSMUSP00000106082	10090.ENSMUSP00000079356	0	0	0	0	0	0.078	0	0.557	0.574
Itgam	Flt1	2110795	2098262	10090.ENSMUSP00000101849	10090.ENSMUSP00000031653	0	0	0	0	0	0	0	0.573	0.573
Eef1g	Flnc	2108963	2108082	10090.ENSMUSP00000093955	10090.ENSMUSP00000087960	0	0	0	0	0	0.561	0	0.066	0.572
Olfml3	Col1a1	2097510	2093250	10090.ENSMUSP00000029440	10090.ENSMUSP00000001547	0	0	0	0	0.559	0	0	0.068	0.572
Itgb5	Csf1r	2105190	2096325	10090.ENSMUSP00000069416	10090.ENSMUSP00000025523	0	0	0	0	0.150	0.064	0.484	0.080	0.572
Ptn	Flt1	2110112	2098262	10090.ENSMUSP00000099073	10090.ENSMUSP00000031653	0	0	0	0	0	0	0	0.570	0.570
Inpp5d	Hcls1	2113548	2095863	10090.ENSMUSP00000127941	10090.ENSMUSP00000023531	0	0	0	0	0.540	0	0	0.103	0.570
Inpp5d	Was	2113548	2098790	10090.ENSMUSP00000127941	10090.ENSMUSP00000033505	0	0	0	0	0.532	0	0	0.119	0.570
Aplp1	Ncstn	2093858	2093511	10090.ENSMUSP00000006828	10090.ENSMUSP00000003550	0	0	0	0	0	0	0	0.570	0.570
Lcp1	Lamp1	2112603	2098894	10090.ENSMUSP00000116271	10090.ENSMUSP00000033824	0	0	0	0	0	0.238	0	0.460	0.570
Anxa2	Ptpn6	2099236	2093598	10090.ENSMUSP00000034756	10090.ENSMUSP00000004377	0	0	0	0	0	0.068	0	0.557	0.569
Was	Itgb2	2098790	2093087	10090.ENSMUSP00000033505	10090.ENSMUSP00000000299	0	0	0	0	0.514	0	0	0.150	0.569
Slit2	Ntn3	2113494	2096133	10090.ENSMUSP00000127615	10090.ENSMUSP00000024931	0	0	0	0	0	0.100	0	0.541	0.569
Anxa2	Anxa3	2099236	2098199	10090.ENSMUSP00000034756	10090.ENSMUSP00000031447	0	0	0	0.935	0.558	0	0	0.404	0.568
Aif1	Hcls1	2096236	2095863	10090.ENSMUSP00000025257	10090.ENSMUSP00000023531	0	0	0	0	0.554	0	0	0.073	0.568
Fcgr1	Ptprc	2097634	2096963	10090.ENSMUSP00000029748	10090.ENSMUSP00000027645	0	0	0	0	0.459	0	0	0.234	0.568
Lamp1	Npc1	2098894	2096246	10090.ENSMUSP00000033824	10090.ENSMUSP00000025279	0	0	0	0	0	0	0	0.568	0.568
Lamp1	Itgax	2098894	2098664	10090.ENSMUSP00000033824	10090.ENSMUSP00000033053	0	0	0	0	0	0	0	0.565	0.565
Prkcd	B2m	2111627	2110238	10090.ENSMUSP00000107827	10090.ENSMUSP00000099534	0	0	0	0	0	0	0.559	0.052	0.564
Sst	Calb2	2093610	2093539	10090.ENSMUSP00000004480	10090.ENSMUSP00000003754	0	0	0	0	0	0	0	0.563	0.563
Dgkg	Faim2	2108012	2095931	10090.ENSMUSP00000087371	10090.ENSMUSP00000023750	0	0	0	0	0	0	0	0.563	0.563
Inpp5d	Csf1r	2113548	2096325	10090.ENSMUSP00000127941	10090.ENSMUSP00000025523	0	0	0	0	0.465	0.164	0	0.102	0.563
Tagln2	S100a6	2111511	2093181	10090.ENSMUSP00000106859	10090.ENSMUSP00000001051	0	0	0	0	0.495	0	0	0.170	0.562
Atp8a1	Tapbp	2100711	2096199	10090.ENSMUSP00000042215	10090.ENSMUSP00000025161	0	0	0	0	0	0	0	0.561	0.561
Itgam	Lamp1	2110795	2098894	10090.ENSMUSP00000101849	10090.ENSMUSP00000033824	0	0	0	0	0	0	0	0.561	0.561
Lamp1	Stx12	2098894	2097934	10090.ENSMUSP00000033824	10090.ENSMUSP00000030698	0	0	0	0	0	0	0	0.559	0.559
Spock1	Smoc1	2113702	2111398	10090.ENSMUSP00000128840	10090.ENSMUSP00000105976	0	0	0	0	0	0	0	0.559	0.559
Aif1	Ptpn6	2096236	2093598	10090.ENSMUSP00000025257	10090.ENSMUSP00000004377	0	0	0	0	0.544	0	0	0.072	0.558
Anxa3	Vim	2098199	2097089	10090.ENSMUSP00000031447	10090.ENSMUSP00000028062	0	0.003	0	0	0.483	0	0	0.179	0.557
Ptprc	Psmb8	2096963	2096210	10090.ENSMUSP00000027645	10090.ENSMUSP00000025196	0	0	0	0	0.461	0	0	0.212	0.557
Lcp1	Hcls1	2112603	2095863	10090.ENSMUSP00000116271	10090.ENSMUSP00000023531	0	0	0	0	0.544	0	0	0.066	0.556
Grn	Tmem106b	2101446	2098232	10090.ENSMUSP00000046340	10090.ENSMUSP00000031556	0	0	0	0	0	0	0	0.555	0.555
Itgam	Vav1	2110795	2093748	10090.ENSMUSP00000101849	10090.ENSMUSP00000005889	0	0	0	0	0.124	0	0	0.513	0.555
Csf1r	Apoe	2096325	2093453	10090.ENSMUSP00000025523	10090.ENSMUSP00000003066	0	0	0	0	0.148	0	0	0.498	0.554
C1qa	Itgb2	2101938	2093087	10090.ENSMUSP00000048836	10090.ENSMUSP00000000299	0	0	0	0	0.377	0	0	0.310	0.552
Atp8a1	Psmb8	2100711	2096210	10090.ENSMUSP00000042215	10090.ENSMUSP00000025196	0	0	0	0	0	0	0	0.552	0.552
Lamp1	Ptprc	2098894	2096963	10090.ENSMUSP00000033824	10090.ENSMUSP00000027645	0	0	0	0	0	0	0	0.551	0.551
Arpc1b	S100a6	2107483	2093181	10090.ENSMUSP00000082822	10090.ENSMUSP00000001051	0	0	0	0	0.533	0	0	0.078	0.551
Ptprc	Nqo1	2096963	2093557	10090.ENSMUSP00000027645	10090.ENSMUSP00000003947	0	0	0	0	0	0	0	0.551	0.551
Mdk	Vav1	2097270	2093748	10090.ENSMUSP00000028672	10090.ENSMUSP00000005889	0	0	0	0	0	0	0	0.550	0.550
Bace1	Apoe	2099181	2093453	10090.ENSMUSP00000034591	10090.ENSMUSP00000003066	0	0	0	0	0	0	0	0.548	0.548
Clu	Apoe	2095562	2093453	10090.ENSMUSP00000022616	10090.ENSMUSP00000003066	0	0	0	0	0.213	0	0	0.448	0.547
Inpp5d	Itgb2	2113548	2093087	10090.ENSMUSP00000127941	10090.ENSMUSP00000000299	0	0	0	0	0.467	0	0	0.183	0.546
Lcp1	Capg	2112603	2104379	10090.ENSMUSP00000116271	10090.ENSMUSP00000063389	0	0	0	0	0.239	0	0	0.428	0.546
P2ry12	Aif1	2102363	2096236	10090.ENSMUSP00000051353	10090.ENSMUSP00000025257	0	0	0	0	0.277	0	0	0.397	0.545
Fcer1g	Fermt3	2106889	2099882	10090.ENSMUSP00000078875	10090.ENSMUSP00000037858	0	0	0	0	0.515	0	0	0.101	0.545
Plek	Fcer1g	2110428	2106889	10090.ENSMUSP00000099945	10090.ENSMUSP00000078875	0	0	0	0	0.544	0	0	0	0.544
Hmha1	Ptprc	2109618	2096963	10090.ENSMUSP00000097100	10090.ENSMUSP00000027645	0	0	0	0	0.534	0.063	0	0	0.544
Rac2	Csf1r	2099612	2096325	10090.ENSMUSP00000036384	10090.ENSMUSP00000025523	0	0	0	0	0.460	0.141	0	0.094	0.543
Abi3	Apbb1ip	2104128	2094193	10090.ENSMUSP00000061893	10090.ENSMUSP00000014290	0	0	0	0	0	0.542	0	0	0.542
Tagln2	Arpc1b	2111511	2107483	10090.ENSMUSP00000106859	10090.ENSMUSP00000082822	0	0	0	0	0.515	0	0	0.095	0.542
Arc	Ncstn	2095783	2093511	10090.ENSMUSP00000023268	10090.ENSMUSP00000003550	0	0	0	0	0	0.539	0	0.046	0.541
Arc	App	2095783	2093694	10090.ENSMUSP00000023268	10090.ENSMUSP00000005406	0	0	0	0	0	0.539	0	0.046	0.541
Gabra5	Clic1	2104362	2093899	10090.ENSMUSP00000063276	10090.ENSMUSP00000007257	0	0	0	0	0	0	0.540	0	0.540
Gabra1	Clic1	2094956	2093899	10090.ENSMUSP00000020707	10090.ENSMUSP00000007257	0	0	0	0	0	0	0.540	0	0.540
Ncf1	Itgb2	2111516	2093087	10090.ENSMUSP00000106906	10090.ENSMUSP00000000299	0	0	0	0	0.463	0	0	0.178	0.539
Actr1a	Calb2	2100265	2093539	10090.ENSMUSP00000039844	10090.ENSMUSP00000003754	0	0	0	0	0	0.183	0	0.458	0.538
Tspan6	Igsf8	2107712	2100514	10090.ENSMUSP00000084838	10090.ENSMUSP00000041232	0	0	0	0	0	0.065	0	0.527	0.538
Aif1	Psmb8	2096236	2096210	10090.ENSMUSP00000025257	10090.ENSMUSP00000025196	0	0	0	0	0.503	0	0	0.107	0.537
Inpp5d	Plek	2113548	2110428	10090.ENSMUSP00000127941	10090.ENSMUSP00000099945	0	0	0	0	0.366	0	0	0.298	0.536
Lyz1	Ptprc	2108308	2096963	10090.ENSMUSP00000089800	10090.ENSMUSP00000027645	0	0	0	0	0.514	0	0	0.083	0.536
Actr1a	Pvalb	2100265	2093746	10090.ENSMUSP00000039844	10090.ENSMUSP00000005860	0	0	0	0	0	0.183	0	0.456	0.536
Inpp5d	Prkcd	2113548	2111627	10090.ENSMUSP00000127941	10090.ENSMUSP00000107827	0	0	0	0	0.193	0.119	0.363	0.094	0.535
Fcer1g	Rac2	2106889	2099612	10090.ENSMUSP00000078875	10090.ENSMUSP00000036384	0	0	0	0	0.519	0	0	0.072	0.534
Eef1g	Ran	2108963	2098175	10090.ENSMUSP00000093955	10090.ENSMUSP00000031383	0	0	0	0	0.533	0	0	0	0.533
Ptprc	Apbb1ip	2096963	2094193	10090.ENSMUSP00000027645	10090.ENSMUSP00000014290	0	0	0	0	0.528	0	0	0.052	0.533
Ctsd	Hexa	2112864	2096559	10090.ENSMUSP00000121203	10090.ENSMUSP00000026262	0	0	0	0	0.477	0	0	0.142	0.532
Aif1	Itgb2	2096236	2093087	10090.ENSMUSP00000025257	10090.ENSMUSP00000000299	0	0	0	0	0.497	0	0	0.108	0.532
F11r	Vav1	2100645	2093748	10090.ENSMUSP00000041907	10090.ENSMUSP00000005889	0	0	0	0	0	0	0	0.532	0.532
Icam1	Rac2	2107578	2099612	10090.ENSMUSP00000083587	10090.ENSMUSP00000036384	0	0	0	0	0.108	0	0	0.494	0.529
Slit2	Gpc4	2113494	2098768	10090.ENSMUSP00000127615	10090.ENSMUSP00000033450	0	0	0	0	0	0.157	0.391	0.153	0.527
Gpc1	Slit1	2101599	2096483	10090.ENSMUSP00000047199	10090.ENSMUSP00000025993	0	0	0	0	0	0.157	0.391	0.153	0.527
Gpc4	Slit1	2098768	2096483	10090.ENSMUSP00000033450	10090.ENSMUSP00000025993	0	0	0	0	0	0.157	0.391	0.153	0.527
Fcer1g	Itgax	2106889	2098664	10090.ENSMUSP00000078875	10090.ENSMUSP00000033053	0	0	0	0	0.407	0	0	0.236	0.527
Ctsd	Pld3	2112864	2112310	10090.ENSMUSP00000121203	10090.ENSMUSP00000112942	0	0	0	0	0.525	0	0	0	0.525
Scarb2	Apoe	2098173	2093453	10090.ENSMUSP00000031377	10090.ENSMUSP00000003066	0	0	0	0	0	0.118	0	0.483	0.525
Cnr1	Calb2	2103128	2093539	10090.ENSMUSP00000055797	10090.ENSMUSP00000003754	0	0	0	0	0	0	0	0.525	0.525
Actr1a	Tuba8	2100265	2098420	10090.ENSMUSP00000039844	10090.ENSMUSP00000032233	0	0	0	0	0	0.167	0	0.452	0.524
Timp2	Col1a1	2094439	2093250	10090.ENSMUSP00000017610	10090.ENSMUSP00000001547	0	0	0	0	0.186	0	0	0.438	0.523
Pla2g15	Apoe	2099095	2093453	10090.ENSMUSP00000034377	10090.ENSMUSP00000003066	0	0	0	0	0	0.119	0	0.479	0.522
Lypd1	Cpne6	2113115	2105961	10090.ENSMUSP00000125149	10090.ENSMUSP00000073847	0	0	0	0	0	0	0	0.521	0.521
Itgam	Rac2	2110795	2099612	10090.ENSMUSP00000101849	10090.ENSMUSP00000036384	0	0	0	0	0.130	0	0	0.473	0.521
Cd180	Tollip	2095402	2093307	10090.ENSMUSP00000022124	10090.ENSMUSP00000001950	0	0	0	0	0	0.084	0.429	0.157	0.520
C4b	Itgb2	2105191	2093087	10090.ENSMUSP00000069418	10090.ENSMUSP00000000299	0	0	0	0	0.109	0	0.340	0.247	0.518
Hmha1	Was	2109618	2098790	10090.ENSMUSP00000097100	10090.ENSMUSP00000033505	0	0	0	0	0.518	0	0	0	0.518
Asah1	Sdcbp	2098954	2097691	10090.ENSMUSP00000034000	10090.ENSMUSP00000029912	0	0	0	0	0.465	0	0	0.136	0.517
Lcp1	Myo1e	2112603	2099230	10090.ENSMUSP00000116271	10090.ENSMUSP00000034745	0	0	0	0	0.111	0.138	0	0.420	0.516
C1qa	Ptprc	2101938	2096963	10090.ENSMUSP00000048836	10090.ENSMUSP00000027645	0	0	0	0	0.202	0	0	0.418	0.515
Mif	Clu	2100498	2095562	10090.ENSMUSP00000041149	10090.ENSMUSP00000022616	0	0	0	0	0	0	0	0.514	0.514
Ctsd	App	2112864	2093694	10090.ENSMUSP00000121203	10090.ENSMUSP00000005406	0	0	0	0	0	0.381	0	0.245	0.513
Edil3	Itgb2	2107154	2093087	10090.ENSMUSP00000080462	10090.ENSMUSP00000000299	0	0	0	0	0	0	0.394	0.227	0.512
Msn	Hcls1	2112332	2095863	10090.ENSMUSP00000113071	10090.ENSMUSP00000023531	0	0	0	0	0.131	0.084	0	0.435	0.511
Hcls1	Apbb1ip	2095863	2094193	10090.ENSMUSP00000023531	10090.ENSMUSP00000014290	0	0	0	0	0.442	0	0	0.158	0.510
Capg	Itgb2	2104379	2093087	10090.ENSMUSP00000063389	10090.ENSMUSP00000000299	0	0	0	0	0.509	0	0	0	0.509
Actr1a	Myo1e	2100265	2099230	10090.ENSMUSP00000039844	10090.ENSMUSP00000034745	0	0	0	0	0	0.186	0	0.421	0.508
Lyz1	Fcer1g	2108308	2106889	10090.ENSMUSP00000089800	10090.ENSMUSP00000078875	0	0	0	0	0.508	0	0	0	0.508
Itgb5	F11r	2105190	2100645	10090.ENSMUSP00000069416	10090.ENSMUSP00000041907	0	0	0	0	0	0	0.484	0.084	0.507
Fcgr1	Hcls1	2097634	2095863	10090.ENSMUSP00000029748	10090.ENSMUSP00000023531	0	0	0	0	0.499	0	0	0.053	0.505
Flt1	Col1a1	2098262	2093250	10090.ENSMUSP00000031653	10090.ENSMUSP00000001547	0	0	0	0	0	0	0.379	0.235	0.504
Lyz1	Itgb2	2108308	2093087	10090.ENSMUSP00000089800	10090.ENSMUSP00000000299	0	0	0	0	0.496	0	0	0.054	0.503
Lyz1	Aif1	2108308	2096236	10090.ENSMUSP00000089800	10090.ENSMUSP00000025257	0	0	0	0	0.502	0	0	0.043	0.503
Rac2	Fcgr1	2099612	2097634	10090.ENSMUSP00000036384	10090.ENSMUSP00000029748	0	0	0	0	0.496	0	0	0.053	0.502
Myo1e	Was	2099230	2098790	10090.ENSMUSP00000034745	10090.ENSMUSP00000033505	0	0	0	0	0	0.344	0	0.272	0.502
Itgb5	Sdc4	2105190	2094404	10090.ENSMUSP00000069416	10090.ENSMUSP00000017153	0	0	0	0	0	0	0.484	0.075	0.502
Fermt3	Apbb1ip	2099882	2094193	10090.ENSMUSP00000037858	10090.ENSMUSP00000014290	0	0	0	0	0.457	0	0	0.119	0.501
Plek	Apbb1ip	2110428	2094193	10090.ENSMUSP00000099945	10090.ENSMUSP00000014290	0	0	0	0	0.354	0	0	0.259	0.501
Abcb9	Psmb8	2098165	2096210	10090.ENSMUSP00000031354	10090.ENSMUSP00000025196	0	0	0	0	0.071	0.153	0	0.416	0.500
Icam1	Itgb5	2107578	2105190	10090.ENSMUSP00000083587	10090.ENSMUSP00000069416	0	0	0	0	0	0.177	0.361	0.124	0.499
Stx12	App	2097934	2093694	10090.ENSMUSP00000030698	10090.ENSMUSP00000005406	0	0	0	0	0.134	0.446	0	0	0.499
Actr1a	Rac2	2100265	2099612	10090.ENSMUSP00000039844	10090.ENSMUSP00000036384	0	0	0	0	0	0.071	0	0.483	0.499
ENSMUSG00000044117	Aplp1	2104279	2093858	10090.ENSMUSP00000062758	10090.ENSMUSP00000006828	0	0	0	0	0	0	0	0.496	0.495
Itgax	Atp9a	2098664	2097403	10090.ENSMUSP00000033053	10090.ENSMUSP00000029060	0	0	0	0	0	0	0	0.496	0.495
Npc1	Apoe	2096246	2093453	10090.ENSMUSP00000025279	10090.ENSMUSP00000003066	0	0	0	0	0	0	0	0.495	0.495
Entpd1	Icam1	2111630	2107578	10090.ENSMUSP00000107850	10090.ENSMUSP00000083587	0	0	0	0	0	0	0	0.496	0.495
Itgb5	Rac2	2105190	2099612	10090.ENSMUSP00000069416	10090.ENSMUSP00000036384	0	0	0	0	0.071	0	0.441	0.104	0.494
Col1a1	Itgb2	2093250	2093087	10090.ENSMUSP00000001547	10090.ENSMUSP00000000299	0	0	0	0	0	0.083	0.319	0.255	0.494
Col1a2	Serpine2	2098267	2096908	10090.ENSMUSP00000031668	10090.ENSMUSP00000027467	0	0	0	0	0	0.082	0	0.471	0.493
Fermt3	Fcgr1	2099882	2097634	10090.ENSMUSP00000037858	10090.ENSMUSP00000029748	0	0	0	0	0.493	0	0	0	0.493
Msn	Itgb5	2112332	2105190	10090.ENSMUSP00000113071	10090.ENSMUSP00000069416	0	0	0	0	0.063	0.084	0.441	0.067	0.492
Rac2	Itgax	2099612	2098664	10090.ENSMUSP00000036384	10090.ENSMUSP00000033053	0	0	0	0	0.385	0	0	0.208	0.492
Flt1	Serpine2	2098262	2096908	10090.ENSMUSP00000031653	10090.ENSMUSP00000027467	0	0	0	0	0	0.064	0	0.477	0.489
Inpp5d	Apbb1ip	2113548	2094193	10090.ENSMUSP00000127941	10090.ENSMUSP00000014290	0	0	0	0	0.422	0	0	0.152	0.489
Pvalb	Sst	2093746	2093610	10090.ENSMUSP00000005860	10090.ENSMUSP00000004480	0	0	0	0	0	0	0	0.490	0.489
Dpp7	Scpep1	2097178	2093085	10090.ENSMUSP00000028332	10090.ENSMUSP00000000287	0	0	0	0	0.108	0	0	0.451	0.489
Lcp1	Vav1	2112603	2093748	10090.ENSMUSP00000116271	10090.ENSMUSP00000005889	0	0	0	0	0.422	0	0	0.152	0.489
S100a13	S100a6	2101715	2093181	10090.ENSMUSP00000047737	10090.ENSMUSP00000001051	0	0	0	0	0.190	0	0	0.395	0.488
Sgpl1	Asah1	2108340	2098954	10090.ENSMUSP00000090155	10090.ENSMUSP00000034000	0	0	0	0	0	0	0	0.488	0.488
Arpc1b	Vim	2107483	2097089	10090.ENSMUSP00000082822	10090.ENSMUSP00000028062	0	0	0	0	0.392	0	0	0.192	0.487
Abi3	Was	2104128	2098790	10090.ENSMUSP00000061893	10090.ENSMUSP00000033505	0	0	0	0	0.141	0.166	0	0.342	0.487
Inpp5d	Aif1	2113548	2096236	10090.ENSMUSP00000127941	10090.ENSMUSP00000025257	0	0	0	0	0.450	0	0	0.105	0.487
Itgb5	Hcls1	2105190	2095863	10090.ENSMUSP00000069416	10090.ENSMUSP00000023531	0	0	0	0	0	0	0.474	0.066	0.487
Icam1	C1qa	2107578	2101938	10090.ENSMUSP00000083587	10090.ENSMUSP00000048836	0	0	0	0	0.163	0	0	0.411	0.485
Inpp5d	Prkcg	2113548	2109897	10090.ENSMUSP00000127941	10090.ENSMUSP00000097874	0	0	0	0	0.066	0.104	0.435	0	0.485
Flt1	Timp2	2098262	2094439	10090.ENSMUSP00000031653	10090.ENSMUSP00000017610	0	0	0	0	0	0.066	0	0.468	0.482
Lcp1	Lsp1	2112603	2094581	10090.ENSMUSP00000116271	10090.ENSMUSP00000018963	0	0	0	0	0.159	0	0	0.410	0.482
Vamp7	Lamp2	2102525	2094385	10090.ENSMUSP00000052262	10090.ENSMUSP00000016678	0	0	0	0	0.228	0	0	0.356	0.481
Rac2	Flt1	2099612	2098262	10090.ENSMUSP00000036384	10090.ENSMUSP00000031653	0	0	0	0	0	0.141	0.355	0.139	0.481
Col1a2	Itgb2	2098267	2093087	10090.ENSMUSP00000031668	10090.ENSMUSP00000000299	0	0	0	0	0	0.083	0.319	0.235	0.480
Nrgn	Arc	2105294	2095783	10090.ENSMUSP00000070113	10090.ENSMUSP00000023268	0	0	0	0	0	0	0	0.480	0.480
Mdk	Itgb2	2097270	2093087	10090.ENSMUSP00000028672	10090.ENSMUSP00000000299	0	0	0	0	0	0	0.436	0.116	0.480
Itgam	Mdk	2110795	2097270	10090.ENSMUSP00000101849	10090.ENSMUSP00000028672	0	0	0	0	0	0	0	0.478	0.478
B2m	Lamp2	2110238	2094385	10090.ENSMUSP00000099534	10090.ENSMUSP00000016678	0	0	0	0	0.255	0	0	0.328	0.477
Pde10a	Chadl	2107902	2105756	10090.ENSMUSP00000086485	10090.ENSMUSP00000072682	0	0	0	0	0	0.179	0	0.388	0.476
Itgb5	Igsf8	2105190	2100514	10090.ENSMUSP00000069416	10090.ENSMUSP00000041232	0	0	0	0	0	0	0.436	0.110	0.476
Icam1	Flt1	2107578	2098262	10090.ENSMUSP00000083587	10090.ENSMUSP00000031653	0	0	0	0	0	0	0	0.475	0.475
Hpcal1	Arc	2105567	2095783	10090.ENSMUSP00000071756	10090.ENSMUSP00000023268	0	0	0	0	0	0	0	0.474	0.474
Rac2	Sdc4	2099612	2094404	10090.ENSMUSP00000036384	10090.ENSMUSP00000017153	0	0	0	0	0	0	0.463	0.062	0.474
Clcn7	Tpp1	2099530	2098710	10090.ENSMUSP00000035964	10090.ENSMUSP00000033184	0	0	0	0	0	0	0	0.474	0.474
Icam1	Serpine2	2107578	2096908	10090.ENSMUSP00000083587	10090.ENSMUSP00000027467	0	0	0	0	0	0	0	0.471	0.471
B2m	Mdk	2110238	2097270	10090.ENSMUSP00000099534	10090.ENSMUSP00000028672	0	0	0	0	0	0	0	0.471	0.471
Gpc4	Flt1	2098768	2098262	10090.ENSMUSP00000033450	10090.ENSMUSP00000031653	0	0	0	0	0	0	0.452	0.074	0.470
Psap	Pld3	2115534	2112310	10090.ENSMUSP00000137476	10090.ENSMUSP00000112942	0	0	0	0	0.470	0	0	0	0.470
Icam1	Vav1	2107578	2093748	10090.ENSMUSP00000083587	10090.ENSMUSP00000005889	0	0	0	0	0	0	0	0.470	0.470
Gpc1	Mdk	2101599	2097270	10090.ENSMUSP00000047199	10090.ENSMUSP00000028672	0	0	0	0	0	0	0.452	0.073	0.470
Flt1	Itgb2	2098262	2093087	10090.ENSMUSP00000031653	10090.ENSMUSP00000000299	0	0	0	0	0	0.084	0.361	0.166	0.469
Col1a2	Flt1	2098267	2098262	10090.ENSMUSP00000031668	10090.ENSMUSP00000031653	0	0	0	0	0	0	0.379	0.180	0.469
Nov	Col1a1	2102892	2093250	10090.ENSMUSP00000054389	10090.ENSMUSP00000001547	0	0	0	0	0	0	0	0.468	0.469
Aplp2	Gpc1	2105710	2101599	10090.ENSMUSP00000072428	10090.ENSMUSP00000047199	0	0	0	0	0	0.098	0.421	0.066	0.469
Myo1e	Calb2	2099230	2093539	10090.ENSMUSP00000034745	10090.ENSMUSP00000003754	0	0	0	0	0	0.230	0	0.338	0.468
Itgam	Fcer1g	2110795	2106889	10090.ENSMUSP00000101849	10090.ENSMUSP00000078875	0	0	0	0	0.213	0	0	0.352	0.468
Sdc4	Itgb2	2094404	2093087	10090.ENSMUSP00000017153	10090.ENSMUSP00000000299	0	0	0	0	0	0	0.436	0.097	0.468
Myo1e	Pvalb	2099230	2093746	10090.ENSMUSP00000034745	10090.ENSMUSP00000005860	0	0	0	0	0	0.230	0	0.338	0.468
Tagln2	Vim	2111511	2097089	10090.ENSMUSP00000106859	10090.ENSMUSP00000028062	0	0	0	0	0.400	0	0	0.150	0.468
Itgam	Itgax	2110795	2098664	10090.ENSMUSP00000101849	10090.ENSMUSP00000033053	0	0	0	0.962	0.172	0	0.360	0.985	0.468
Ncf1	Apoe	2111516	2093453	10090.ENSMUSP00000106906	10090.ENSMUSP00000003066	0	0	0	0	0	0	0	0.468	0.468
Nov	Col1a2	2102892	2098267	10090.ENSMUSP00000054389	10090.ENSMUSP00000031668	0	0	0	0	0.113	0	0	0.423	0.467
Itgax	Ctgf	2098664	2094783	10090.ENSMUSP00000033053	10090.ENSMUSP00000020171	0	0	0	0	0	0	0.466	0.043	0.467
Ctsd	Serpine2	2112864	2096908	10090.ENSMUSP00000121203	10090.ENSMUSP00000027467	0	0	0	0	0	0.084	0	0.441	0.466
Gpc4	Mdk	2098768	2097270	10090.ENSMUSP00000033450	10090.ENSMUSP00000028672	0	0	0	0	0	0	0.452	0.067	0.466
Tagln2	Clic1	2111511	2093899	10090.ENSMUSP00000106859	10090.ENSMUSP00000007257	0	0	0	0	0.465	0	0	0	0.465
Igsf8	Itgb2	2100514	2093087	10090.ENSMUSP00000041232	10090.ENSMUSP00000000299	0	0	0	0	0	0	0.436	0.089	0.464
Fcer1g	Apbb1ip	2106889	2094193	10090.ENSMUSP00000078875	10090.ENSMUSP00000014290	0	0	0	0	0.464	0	0	0	0.463
Rac2	Anxa2	2099612	2099236	10090.ENSMUSP00000036384	10090.ENSMUSP00000034756	0	0	0	0	0	0.108	0	0.420	0.462
Arsb	Hexb	2108210	2095415	10090.ENSMUSP00000088964	10090.ENSMUSP00000022169	0	0	0	0	0	0	0	0.461	0.461
Aplp2	Apoe	2105710	2093453	10090.ENSMUSP00000072428	10090.ENSMUSP00000003066	0	0	0	0	0	0.270	0	0.293	0.461
Vtn	Vwf	2094427	2093314	10090.ENSMUSP00000017488	10090.ENSMUSP00000001995	0	0	0	0	0	0	0	0.459	0.459
Ostm1	Gdap2	2099461	2097521	10090.ENSMUSP00000035516	10090.ENSMUSP00000029459	0	0	0	0	0.459	0	0	0	0.459
Col1a2	Timp2	2098267	2094439	10090.ENSMUSP00000031668	10090.ENSMUSP00000017610	0	0	0	0	0.190	0	0	0.359	0.458
Abcb9	Lamp2	2098165	2094385	10090.ENSMUSP00000031354	10090.ENSMUSP00000016678	0	0	0	0	0	0	0	0.458	0.458
Mdk	Ptprc	2097270	2096963	10090.ENSMUSP00000028672	10090.ENSMUSP00000027645	0	0	0	0	0	0.092	0	0.428	0.458
S100a13	Anxa4	2101715	2093209	10090.ENSMUSP00000047737	10090.ENSMUSP00000001187	0	0	0	0	0	0	0	0.457	0.457
Anxa2	Serpine2	2099236	2096908	10090.ENSMUSP00000034756	10090.ENSMUSP00000027467	0	0	0	0	0	0	0	0.457	0.457
Asah1	Lamp2	2098954	2094385	10090.ENSMUSP00000034000	10090.ENSMUSP00000016678	0	0	0	0	0.381	0	0	0.158	0.456
Slit1	Ntn3	2096483	2096133	10090.ENSMUSP00000025993	10090.ENSMUSP00000024931	0	0	0	0	0	0.100	0	0.421	0.456
Plek	Dock10	2110428	2106538	10090.ENSMUSP00000099945	10090.ENSMUSP00000077099	0	0	0	0	0.441	0	0	0.068	0.456
Gpc4	App	2098768	2093694	10090.ENSMUSP00000033450	10090.ENSMUSP00000005406	0	0	0	0	0	0.098	0.421	0	0.455
Pld3	Itm2c	2112310	2096894	10090.ENSMUSP00000112942	10090.ENSMUSP00000027425	0	0	0	0	0.455	0	0	0	0.455
Aplp2	Gpc4	2105710	2098768	10090.ENSMUSP00000072428	10090.ENSMUSP00000033450	0	0	0	0	0	0.098	0.421	0	0.455
C1qb	Hcls1	2100338	2095863	10090.ENSMUSP00000040246	10090.ENSMUSP00000023531	0	0	0	0	0.401	0	0	0.126	0.454
Entpd1	Ptprc	2111630	2096963	10090.ENSMUSP00000107850	10090.ENSMUSP00000027645	0	0	0	0	0.134	0	0	0.396	0.454
Plek	Was	2110428	2098790	10090.ENSMUSP00000099945	10090.ENSMUSP00000033505	0	0	0	0	0.412	0	0	0.108	0.453
Anxa2	Col1a2	2099236	2098267	10090.ENSMUSP00000034756	10090.ENSMUSP00000031668	0	0	0	0	0.353	0	0	0.189	0.452
Lcp1	B2m	2112603	2110238	10090.ENSMUSP00000116271	10090.ENSMUSP00000099534	0	0	0	0	0.159	0	0	0.376	0.452
Ptgs1	Mdk	2103843	2097270	10090.ENSMUSP00000059977	10090.ENSMUSP00000028672	0	0	0	0	0	0	0	0.452	0.452
Plek	Aif1	2110428	2096236	10090.ENSMUSP00000099945	10090.ENSMUSP00000025257	0	0	0	0	0.435	0	0	0.070	0.452
Rac2	Psmb8	2099612	2096210	10090.ENSMUSP00000036384	10090.ENSMUSP00000025196	0	0	0	0	0.426	0.064	0	0.061	0.451
Bace1	Aif1	2099181	2096236	10090.ENSMUSP00000034591	10090.ENSMUSP00000025257	0	0	0	0	0	0	0	0.450	0.450
Psmb8	Hcls1	2096210	2095863	10090.ENSMUSP00000025196	10090.ENSMUSP00000023531	0	0	0	0	0.427	0	0	0.080	0.450
Arpc1b	Hcls1	2107483	2095863	10090.ENSMUSP00000082822	10090.ENSMUSP00000023531	0	0	0	0	0.310	0	0	0.236	0.450
Cd34	Vwf	2094376	2093314	10090.ENSMUSP00000016638	10090.ENSMUSP00000001995	0	0	0	0	0.096	0	0	0.416	0.449
Clcn7	Lamp1	2099530	2098894	10090.ENSMUSP00000035964	10090.ENSMUSP00000033824	0	0	0	0	0	0.092	0	0.417	0.448
Igsf9b	C1qb	2112638	2100338	10090.ENSMUSP00000117017	10090.ENSMUSP00000040246	0	0	0	0	0	0	0	0.448	0.448
Mdk	Gpc5	2097270	2095601	10090.ENSMUSP00000028672	10090.ENSMUSP00000022707	0	0	0	0	0	0	0.408	0.107	0.448
Icam1	Vtn	2107578	2094427	10090.ENSMUSP00000083587	10090.ENSMUSP00000017488	0	0	0	0	0	0	0	0.447	0.448
Vat1l	Rpl21	2102722	2100589	10090.ENSMUSP00000053431	10090.ENSMUSP00000041652	0	0	0	0	0	0	0	0.447	0.447
Gap43	Clstn1	2110401	2099710	10090.ENSMUSP00000099881	10090.ENSMUSP00000036962	0	0	0	0	0	0.446	0	0	0.446
Apbb1ip	Itgb2	2094193	2093087	10090.ENSMUSP00000014290	10090.ENSMUSP00000000299	0	0	0	0	0.418	0	0	0.088	0.446
Clstn1	Stx12	2099710	2097934	10090.ENSMUSP00000036962	10090.ENSMUSP00000030698	0	0	0	0	0	0.446	0	0	0.446
Igsf9b	Tagln2	2112638	2111511	10090.ENSMUSP00000117017	10090.ENSMUSP00000106859	0	0	0	0	0	0	0	0.446	0.446
Atp9a	Ptprc	2097403	2096963	10090.ENSMUSP00000029060	10090.ENSMUSP00000027645	0	0	0	0	0	0	0	0.446	0.446
Clstn1	Stx7	2099710	2094784	10090.ENSMUSP00000036962	10090.ENSMUSP00000020174	0	0	0	0	0	0.446	0	0	0.446
Igsf9b	Igsf8	2112638	2100514	10090.ENSMUSP00000117017	10090.ENSMUSP00000041232	0	0	0	0	0	0	0	0.446	0.446
Eef1g	Pgam2	2108963	2094970	10090.ENSMUSP00000093955	10090.ENSMUSP00000020768	0	0	0	0	0.446	0	0	0	0.446
Col1a2	Olfml3	2098267	2097510	10090.ENSMUSP00000031668	10090.ENSMUSP00000029440	0	0	0	0	0.429	0	0	0.068	0.445
Lcp1	Plek	2112603	2110428	10090.ENSMUSP00000116271	10090.ENSMUSP00000099945	0	0	0	0	0.412	0.066	0	0.067	0.443
Itgam	Atp9a	2110795	2097403	10090.ENSMUSP00000101849	10090.ENSMUSP00000029060	0	0	0	0	0	0	0	0.442	0.442
Atp8a1	Ptprc	2100711	2096963	10090.ENSMUSP00000042215	10090.ENSMUSP00000027645	0	0	0	0	0	0	0	0.442	0.442
Timp2	Vtn	2094439	2094427	10090.ENSMUSP00000017610	10090.ENSMUSP00000017488	0	0	0	0	0	0.201	0	0.330	0.441
Asah1	Hexb	2098954	2095415	10090.ENSMUSP00000034000	10090.ENSMUSP00000022169	0	0	0	0	0.259	0	0	0.276	0.441
Arpc1b	Anxa2	2107483	2099236	10090.ENSMUSP00000082822	10090.ENSMUSP00000034756	0	0	0	0	0.422	0	0	0.072	0.441
Arpc1b	Rac2	2107483	2099612	10090.ENSMUSP00000082822	10090.ENSMUSP00000036384	0	0	0	0	0.337	0	0	0.189	0.440
Ncf1	Plek	2111516	2110428	10090.ENSMUSP00000106906	10090.ENSMUSP00000099945	0	0	0	0	0.369	0	0	0.149	0.440
Ptprc	Dies1	2096963	2094825	10090.ENSMUSP00000027645	10090.ENSMUSP00000020301	0	0	0	0	0.293	0	0	0.240	0.440
Aplp2	Clu	2105710	2095562	10090.ENSMUSP00000072428	10090.ENSMUSP00000022616	0	0	0	0	0	0.400	0	0.100	0.436
Pld3	Daglb	2112310	2100842	10090.ENSMUSP00000112942	10090.ENSMUSP00000043088	0	0	0	0	0	0	0	0.435	0.435
Lamp2	Ctsb	2094385	2093785	10090.ENSMUSP00000016678	10090.ENSMUSP00000006235	0	0	0	0	0.251	0.077	0	0.247	0.434
B2m	Prkcg	2110238	2109897	10090.ENSMUSP00000099534	10090.ENSMUSP00000097874	0	0	0	0	0	0	0.417	0.070	0.434
Vps29	Vps16	2112855	2097340	10090.ENSMUSP00000121020	10090.ENSMUSP00000028900	0	0	0	0	0	0	0	0.434	0.434
Ctsd	Scarb2	2112864	2098173	10090.ENSMUSP00000121203	10090.ENSMUSP00000031377	0	0	0	0	0.231	0	0	0.292	0.432
Psap	Hexa	2115534	2096559	10090.ENSMUSP00000137476	10090.ENSMUSP00000026262	0	0	0	0	0.277	0	0	0.246	0.432
Plek	Fcgr1	2110428	2097634	10090.ENSMUSP00000099945	10090.ENSMUSP00000029748	0	0	0	0	0.432	0	0	0	0.432
Pgam2	Hk2	2094970	2093134	10090.ENSMUSP00000020768	10090.ENSMUSP00000000642	0	0	0	0	0.106	0	0	0.390	0.431
Rims3	Calb2	2105025	2093539	10090.ENSMUSP00000068178	10090.ENSMUSP00000003754	0	0	0	0	0	0	0	0.428	0.428
C1qb	Fermt3	2100338	2099882	10090.ENSMUSP00000040246	10090.ENSMUSP00000037858	0	0	0	0	0.383	0	0	0.112	0.428
Apbb1ip	Ptpn6	2094193	2093598	10090.ENSMUSP00000014290	10090.ENSMUSP00000004377	0	0	0	0	0.418	0	0	0.058	0.428
Anxa3	Anxa4	2098199	2093209	10090.ENSMUSP00000031447	10090.ENSMUSP00000001187	0	0	0	0.955	0.254	0.251	0	0.402	0.427
Lcp1	Was	2112603	2098790	10090.ENSMUSP00000116271	10090.ENSMUSP00000033505	0	0	0	0	0.297	0	0	0.219	0.427
Msn	Plek	2112332	2110428	10090.ENSMUSP00000113071	10090.ENSMUSP00000099945	0	0	0	0	0.191	0.164	0	0.221	0.427
Anxa3	Clic1	2098199	2093899	10090.ENSMUSP00000031447	10090.ENSMUSP00000007257	0	0	0	0	0.353	0	0	0.150	0.426
Fcgr1	Vav1	2097634	2093748	10090.ENSMUSP00000029748	10090.ENSMUSP00000005889	0	0	0	0	0.416	0	0	0.058	0.426
Bace1	Lamp2	2099181	2094385	10090.ENSMUSP00000034591	10090.ENSMUSP00000016678	0	0	0	0	0	0.064	0	0.412	0.426
C1qa	Hcls1	2101938	2095863	10090.ENSMUSP00000048836	10090.ENSMUSP00000023531	0	0	0	0	0.409	0	0	0.069	0.426
Slc17a6	Pvalb	2098553	2093746	10090.ENSMUSP00000032710	10090.ENSMUSP00000005860	0	0	0	0	0	0.063	0	0.413	0.426
Anxa2	Clic1	2099236	2093899	10090.ENSMUSP00000034756	10090.ENSMUSP00000007257	0	0	0	0	0.361	0	0	0.137	0.425
Itgam	Apoe	2110795	2093453	10090.ENSMUSP00000101849	10090.ENSMUSP00000003066	0	0	0	0	0	0	0	0.425	0.425
Igsf8	Tspan14	2100514	2099408	10090.ENSMUSP00000041232	10090.ENSMUSP00000035263	0	0	0	0	0	0.065	0	0.410	0.424
Fcgr1	Apbb1ip	2097634	2094193	10090.ENSMUSP00000029748	10090.ENSMUSP00000014290	0	0	0	0	0.416	0	0	0.055	0.424
Mfge8	Itgb2	2098587	2093087	10090.ENSMUSP00000032825	10090.ENSMUSP00000000299	0	0	0	0	0	0	0.394	0.088	0.423
Rac2	Myo1e	2099612	2099230	10090.ENSMUSP00000036384	10090.ENSMUSP00000034745	0	0	0	0	0	0.165	0	0.338	0.423
Serpine2	Col1a1	2096908	2093250	10090.ENSMUSP00000027467	10090.ENSMUSP00000001547	0	0	0	0	0	0.082	0	0.397	0.422
Blmh	App	2095103	2093694	10090.ENSMUSP00000021197	10090.ENSMUSP00000005406	0	0	0	0	0	0.381	0	0.105	0.422
Ncf1	Icam1	2111516	2107578	10090.ENSMUSP00000106906	10090.ENSMUSP00000083587	0	0	0	0	0	0	0	0.422	0.422
Pld3	Hexa	2112310	2096559	10090.ENSMUSP00000112942	10090.ENSMUSP00000026262	0	0	0	0	0.398	0	0	0.080	0.422
Was	Apbb1ip	2098790	2094193	10090.ENSMUSP00000033505	10090.ENSMUSP00000014290	0	0	0	0	0.379	0	0	0.106	0.421
Atp9a	Lsp1	2097403	2094581	10090.ENSMUSP00000029060	10090.ENSMUSP00000018963	0	0	0	0	0	0	0	0.421	0.421
Sdcbp	Stx7	2097691	2094784	10090.ENSMUSP00000029912	10090.ENSMUSP00000020174	0	0	0	0	0.416	0	0	0.050	0.421
Csf1r	Dies1	2096325	2094825	10090.ENSMUSP00000025523	10090.ENSMUSP00000020301	0	0	0	0	0.420	0	0	0	0.420
Capg	Actr1a	2104379	2100265	10090.ENSMUSP00000063389	10090.ENSMUSP00000039844	0	0	0	0	0	0.165	0	0.334	0.420
Rragc	Lamp2	2097840	2094385	10090.ENSMUSP00000030399	10090.ENSMUSP00000016678	0	0	0	0	0.169	0	0	0.329	0.418
Flt1	Sdc4	2098262	2094404	10090.ENSMUSP00000031653	10090.ENSMUSP00000017153	0	0	0	0	0	0	0.310	0.191	0.417
Dkk3	Frzb	2098658	2097203	10090.ENSMUSP00000033036	10090.ENSMUSP00000028389	0	0	0	0	0	0	0	0.416	0.416
Clic1	S100a6	2093899	2093181	10090.ENSMUSP00000007257	10090.ENSMUSP00000001051	0	0	0	0	0.414	0	0	0.045	0.416
Icam1	Mdk	2107578	2097270	10090.ENSMUSP00000083587	10090.ENSMUSP00000028672	0	0	0	0	0	0	0	0.416	0.416
Dock10	Apbb1ip	2106538	2094193	10090.ENSMUSP00000077099	10090.ENSMUSP00000014290	0	0	0	0	0.417	0	0	0	0.416
Clic1	Clcn3	2093899	2093605	10090.ENSMUSP00000007257	10090.ENSMUSP00000004430	0	0	0	0	0	0	0	0.416	0.416
Lcp1	Ptpn6	2112603	2093598	10090.ENSMUSP00000116271	10090.ENSMUSP00000004377	0	0	0	0	0.416	0	0	0	0.416
Csf1r	Apbb1ip	2096325	2094193	10090.ENSMUSP00000025523	10090.ENSMUSP00000014290	0	0	0	0	0.380	0.067	0	0.070	0.415
Atg9a	Lamp2	2101655	2094385	10090.ENSMUSP00000047449	10090.ENSMUSP00000016678	0	0	0	0	0	0	0	0.414	0.414
Serpine2	Apoe	2096908	2093453	10090.ENSMUSP00000027467	10090.ENSMUSP00000003066	0	0	0	0	0	0	0	0.415	0.414
Vim	Ptprc	2097089	2096963	10090.ENSMUSP00000028062	10090.ENSMUSP00000027645	0	0	0	0	0.130	0	0	0.353	0.413
Serpine2	Ctgf	2096908	2094783	10090.ENSMUSP00000027467	10090.ENSMUSP00000020171	0	0	0	0	0	0	0	0.412	0.412
Enpp2	Entpd1	2113718	2111630	10090.ENSMUSP00000128941	10090.ENSMUSP00000107850	0	0	0	0	0	0.067	0	0.395	0.412
Vps39	Lamtor1	2110249	2098686	10090.ENSMUSP00000099559	10090.ENSMUSP00000033131	0	0	0	0	0	0	0	0.412	0.412
Lcp1	Fermt3	2112603	2099882	10090.ENSMUSP00000116271	10090.ENSMUSP00000037858	0	0	0	0	0.406	0	0	0.051	0.412
Sulf2	Gpc5	2107780	2095601	10090.ENSMUSP00000085405	10090.ENSMUSP00000022707	0	0	0	0	0	0	0	0.412	0.412
Smoc1	Spock3	2111398	2108463	10090.ENSMUSP00000105976	10090.ENSMUSP00000091192	0	0	0	0	0	0	0	0.412	0.412
F11r	Ptprc	2100645	2096963	10090.ENSMUSP00000041907	10090.ENSMUSP00000027645	0	0	0	0	0	0.067	0	0.395	0.411
Slc17a6	Grm2	2098553	2095994	10090.ENSMUSP00000032710	10090.ENSMUSP00000023959	0	0	0	0	0	0	0	0.410	0.410
Icam1	Lamp1	2107578	2098894	10090.ENSMUSP00000083587	10090.ENSMUSP00000033824	0	0	0	0	0	0	0	0.411	0.410
Psmb8	Ptpn6	2096210	2093598	10090.ENSMUSP00000025196	10090.ENSMUSP00000004377	0	0	0	0	0.389	0	0	0.075	0.410
Crym	Itm2c	2098714	2096894	10090.ENSMUSP00000033198	10090.ENSMUSP00000027425	0	0	0	0	0	0	0	0.410	0.410
Ncf1	Serpine2	2111516	2096908	10090.ENSMUSP00000106906	10090.ENSMUSP00000027467	0	0	0	0	0	0	0	0.411	0.410
Itgam	Serpine2	2110795	2096908	10090.ENSMUSP00000101849	10090.ENSMUSP00000027467	0	0	0	0	0	0	0	0.411	0.410
C1qa	Rac2	2101938	2099612	10090.ENSMUSP00000048836	10090.ENSMUSP00000036384	0	0	0	0	0.272	0.113	0	0.158	0.409
Itgb5	Ctgf	2105190	2094783	10090.ENSMUSP00000069416	10090.ENSMUSP00000020171	0	0	0	0	0	0	0.394	0.066	0.409
Plek	Lyz1	2110428	2108308	10090.ENSMUSP00000099945	10090.ENSMUSP00000089800	0	0	0	0	0.393	0	0	0.066	0.408
P2ry12	Vwf	2102363	2093314	10090.ENSMUSP00000051353	10090.ENSMUSP00000001995	0	0	0	0	0	0	0	0.408	0.408
Itgam	Cd34	2110795	2094376	10090.ENSMUSP00000101849	10090.ENSMUSP00000016638	0	0	0	0	0	0	0	0.408	0.408
Ncf1	Ptprc	2111516	2096963	10090.ENSMUSP00000106906	10090.ENSMUSP00000027645	0	0	0	0	0.237	0	0	0.255	0.407
Tagln2	Igsf8	2111511	2100514	10090.ENSMUSP00000106859	10090.ENSMUSP00000041232	0	0	0	0	0.139	0	0	0.340	0.407
Fcgr1	Psmb8	2097634	2096210	10090.ENSMUSP00000029748	10090.ENSMUSP00000025196	0	0	0	0	0.407	0	0	0	0.407
Hmha1	Aif1	2109618	2096236	10090.ENSMUSP00000097100	10090.ENSMUSP00000025257	0	0	0	0	0.407	0	0	0	0.407
Itgb5	Flt1	2105190	2098262	10090.ENSMUSP00000069416	10090.ENSMUSP00000031653	0	0	0	0	0	0.084	0.361	0.067	0.406
Pla2g15	Csf1r	2099095	2096325	10090.ENSMUSP00000034377	10090.ENSMUSP00000025523	0	0	0	0	0.139	0	0	0.338	0.405
Hist1h1b	Cpne7	2106969	2100695	10090.ENSMUSP00000079356	10090.ENSMUSP00000042159	0	0	0	0	0	0	0	0.405	0.405
Apoe	Vwf	2093453	2093314	10090.ENSMUSP00000003066	10090.ENSMUSP00000001995	0	0	0	0	0	0	0	0.405	0.405
Ctsb	Itgb2	2093785	2093087	10090.ENSMUSP00000006235	10090.ENSMUSP00000000299	0	0	0	0	0.305	0	0	0.179	0.405
Itgax	Ptpn6	2098664	2093598	10090.ENSMUSP00000033053	10090.ENSMUSP00000004377	0	0	0	0	0.353	0	0	0.117	0.404
Arpc1b	Actr1a	2107483	2100265	10090.ENSMUSP00000082822	10090.ENSMUSP00000039844	0	0	0	0	0	0.277	0	0.210	0.404
Tpp1	Ctsb	2098710	2093785	10090.ENSMUSP00000033184	10090.ENSMUSP00000006235	0	0	0	0	0.231	0	0	0.257	0.404
Fcer1g	Was	2106889	2098790	10090.ENSMUSP00000078875	10090.ENSMUSP00000033505	0	0	0	0	0.404	0	0	0	0.404
B2m	Arpc1b	2110238	2107483	10090.ENSMUSP00000099534	10090.ENSMUSP00000082822	0	0	0	0	0.248	0	0	0.240	0.404
Lcp1	Itgam	2112603	2110795	10090.ENSMUSP00000116271	10090.ENSMUSP00000101849	0	0	0	0	0.141	0	0	0.333	0.402
Flnc	Itgb2	2108082	2093087	10090.ENSMUSP00000087960	10090.ENSMUSP00000000299	0	0	0	0	0	0.270	0	0.214	0.402
Lcp1	Itgax	2112603	2098664	10090.ENSMUSP00000116271	10090.ENSMUSP00000033053	0	0	0	0	0.175	0	0	0.306	0.402
Rraga	Blmh	2108176	2095103	10090.ENSMUSP00000088591	10090.ENSMUSP00000021197	0	0	0	0	0.126	0.344	0	0	0.402
Itgax	Hcls1	2098664	2095863	10090.ENSMUSP00000033053	10090.ENSMUSP00000023531	0	0	0	0	0.395	0	0	0.053	0.402
Vtn	Apoe	2094427	2093453	10090.ENSMUSP00000017488	10090.ENSMUSP00000003066	0	0	0	0	0.311	0	0	0.166	0.400
Ntn1	Calb2	2095128	2093539	10090.ENSMUSP00000021284	10090.ENSMUSP00000003754	0	0	0	0	0	0	0	0.400	0.400
Capg	Hcls1	2104379	2095863	10090.ENSMUSP00000063389	10090.ENSMUSP00000023531	0	0	0	0	0.303	0	0	0.175	0.400